"","NG_cool_NB","NG_cool_NB_capital","NG_cool_NB_MO","NG_cool_NB_emissions","NG_cool_private","NG_cool_CO2e","NG_nocool_NB","NG_nocool_NB_capital","NG_nocool_NB_MO","NG_nocool_NB_emissions","NG_nocool_private","NG_nocool_CO2e","HO_cool_NB","HO_cool_NB_capital","HO_cool_NB_MO","HO_cool_NB_emissions","HO_cool_private","HO_cool_CO2e","HO_nocool_NB","HO_nocool_NB_capital","HO_nocool_NB_MO","HO_nocool_NB_emissions","HO_nocool_private","HO_nocool_CO2e","P_cool_NB","P_cool_NB_capital","P_cool_NB_MO","P_cool_NB_emissions","P_cool_private","P_cool_CO2e","P_nocool_NB","P_nocool_NB_capital","P_nocool_NB_MO","P_nocool_NB_emissions","P_nocool_private","P_nocool_CO2e","ElecRes_cool_NB","ElecRes_cool_NB_capital","ElecRes_cool_NB_MO","ElecRes_cool_NB_emissions","ElecRes_cool_private","ElecRes_cool_CO2e","ElecRes_nocool_NB","ElecRes_nocool_NB_capital","ElecRes_nocool_NB_MO","ElecRes_nocool_NB_emissions","ElecRes_nocool_private","ElecRes_nocool_CO2e","wood_cool_NB","wood_cool_NB_capital","wood_cool_NB_MO","wood_cool_NB_emissions","wood_cool_private","wood_cool_CO2e","wood_nocool_NB","wood_nocool_NB_capital","wood_nocool_NB_MO","wood_nocool_NB_emissions","wood_nocool_private","wood_nocool_CO2e"
"5",-620.218379883034,-622.10535817798,-0.875891632831667,2.76286992777699,-622.981249810811,83.8818311237919,-6688.09114357372,-6518.10381687793,-0.875891632831667,-169.111435062963,-6518.97970851076,-5168.65439273628,-87.0942883920779,-622.10535817798,417.645887659737,117.365182126165,-204.459470518243,3592.31555871865,-6154.96705208277,-6518.10381687793,417.645887659737,-54.5091228645753,-6100.45792921819,-1660.22066514142,98.7388360519417,-622.10535817798,642.997949472799,77.8462447571194,20.8925912948192,2380.42756039978,-5969.13392763875,-6518.10381687793,642.997949472799,-94.0280602336206,-5875.10586740513,-2872.10866346029,1025.25310103726,-622.10535817798,1492.57827732583,154.780181889414,870.472919147846,4730.37455400643,-5042.61966265343,-6518.10381687793,1492.57827732583,-17.0941231013256,-5025.5255395521,-522.161669853638,83.164832618535,-622.105358177978,595.75494248427,109.515248312242,-26.350415693708,3349.06784720285,-5984.70793107215,-6518.10381687793,595.75494248427,-62.359056678498,-5922.34887439366,-1903.46837665722
"10",-608.71256781167,-612.293830193999,-1.73655267421964,5.31781505654959,-614.030382868219,167.24689600925,-6675.00069008737,-6510.81951014509,-1.73655267421964,-162.444627268057,-6512.55606281931,-5085.28932785082,462.612121421967,-612.293830193999,845.397856124454,229.508095491512,233.104025930455,7191.95484170864,-5603.67600085374,-6510.8195101451,845.397856124454,61.745653166905,-5665.42165402064,1939.41861784857,835.159284037167,-612.293830193999,1295.79587892342,151.657235307745,683.502048729422,4754.14828080591,-5231.12883823854,-6510.8195101451,1295.79587892342,-16.1052070168615,-5215.02363122167,-498.387943054158,2674.16510926963,-612.293830193999,2984.56367615587,301.89526330776,2372.26984596187,9456.64171579604,-3392.12301300607,-6510.8195101451,2984.56367615587,134.132820983153,-3526.25583398922,4204.10549193596,788.594967955354,-612.293830193999,1188.53453235864,212.354265790715,576.24070216464,6670.06821892284,-5277.69315432035,-6510.8195101451,1188.53453235864,44.5918234661083,-5322.28497778646,1417.53199506277
"15",-629.443189142208,-635.347624663947,-2.57181982532711,8.47625534706799,-637.919444489275,258.640618465299,-6690.17193160843,-6525.13172601263,-2.57181982532711,-162.468385770473,-6527.70354583796,-4993.89560539477,976.382922633687,-635.347624663947,1260.84824095269,350.882306344943,625.500616288747,10802.188125664,-5084.34581983254,-6525.13172601263,1260.84824095269,179.937665227402,-5264.28348505994,5549.65190180395,1535.47340543999,-635.347624663947,1938.04963649071,232.771393613223,1302.70201182677,7146.39712812307,-4525.25533702624,-6525.13172601263,1938.04963649071,61.8267524956816,-4587.08208952192,1893.860904263,4305.40473217797,-635.347624663947,4478.63752602192,462.114830820002,3843.28990135797,14193.4086846451,-1755.32401028825,-6525.13172601263,4478.63752602192,291.170189702461,-2046.49419999072,8940.87246078506,1478.77962208565,-635.347624663947,1786.37228884211,327.754957907498,1151.02466417816,10039.2228026932,-4581.94912038057,-6525.13172601263,1786.37228884211,156.810316789957,-4738.75943717053,4786.68657883317
"20",-629.427187542575,-636.06175362855,-3.48815692536709,10.1227230113449,-639.549910553917,308.712497213437,-6678.38818503491,-6515.14904452721,-3.48815692536709,-159.750983582334,-6518.63720145257,-4943.82372664663,1492.5046720284,-636.06175362855,1667.67065765813,460.895767998823,1031.60890402958,14226.4216544088,-4556.45632546393,-6515.14904452721,1667.67065765813,291.022061405144,-4847.47838686908,8973.88543054871,2224.40551880826,-636.06175362855,2553.78270221154,306.684570225275,1917.72094858299,9469.24258383578,-3824.55547868407,-6515.14904452721,2553.78270221154,136.810863631596,-3961.36634231567,4216.70635997571,5931.19251398584,-636.061753628551,5956.12009062748,611.134176986913,5320.05833699893,18887.6611313682,-117.768483506492,-6515.14904452721,5956.12009062748,441.260470393234,-559.028953899726,13635.1249075082,2156.98694560249,-636.06175362855,2364.42870844649,428.619990784558,1728.36695481794,13222.2122418873,-3891.97405188984,-6515.14904452721,2364.42870844649,258.74628419088,-4150.72033608072,7969.67601802721
"25",-609.089628773805,-618.983103670371,-4.35432904648815,14.247803943054,-623.337432716859,439.465340398041,-6670.13006840857,-6509.86051967235,-4.35432904648815,-155.915219689727,-6514.21484871884,-4813.07088346203,2053.28880219733,-618.983103670373,2093.08730756252,579.18459830518,1474.10420389215,17917.2790295386,-4007.75163743744,-6509.86051967235,2093.08730756252,409.021574672399,-4416.77321210983,12664.7428056785,2993.28036358458,-618.983103670373,3226.44014857722,385.82331867773,2607.45704490685,11910.517515547,-3067.76007605018,-6509.86051967235,3226.44014857722,215.660295044948,-3283.42037109513,6657.98129168689,7616.77249118766,-618.983103670372,7469.17077079982,766.584824058205,6850.18766712945,23662.6728530596,1555.73205155289,-6509.86051967235,7469.17077079982,596.421800425424,959.310251127469,18410.1366291996,2903.99391368799,-618.983103670373,2980.22909169683,542.747925661539,2361.24598802646,16758.6842999677,-3157.04652594677,-6509.86051967235,2980.22909169683,372.584902028758,-3529.63142797553,11506.1480761077
"30",-607.135912088735,-618.319040609047,-5.31075912199412,16.4938876423037,-623.629799731041,507.319158249145,-6678.98142061088,-6519.0196156181,-5.31075912199412,-154.651045870789,-6524.33037474009,-4745.21706561092,2594.22410972325,-618.319040609047,2514.28233390542,698.260816426877,1895.96329329637,21370.0384595787,-3477.62139879889,-6519.0196156181,2514.28233390542,527.115882913785,-4004.73728171268,16117.5022357186,3698.88231604258,-618.319040609045,3851.50427132938,465.697085322249,3233.18523072033,14299.0730796944,-2372.96319247957,-6519.0196156181,3851.50427132938,294.552151809156,-2667.51534428872,9046.53685583433,9263.14838253382,-618.319040609046,8956.7115327043,924.755890438573,8338.39249209525,28386.411564182,3191.30287401168,-6519.0196156181,8956.7115327043,753.61095692548,2437.6919170862,23133.8753403219,3607.55356173481,-618.319040609045,3572.74642043482,653.12618190903,2954.42737982578,20076.71963416,-2464.29194678734,-6519.0196156181,3572.74642043482,481.981248395937,-2946.27319518327,14824.1834102999
"35",-601.985381057246,-615.090318660999,-6.15764398845022,19.262581592202,-621.24796264945,586.214978107273,-6673.88883219296,-6515.20574674054,-6.15764398845022,-152.525441463974,-6521.36339072899,-4666.3212457528,3169.88170924212,-615.090318660998,2956.57962667636,828.392401226759,2341.48930801537,25263.9736224494,-2902.0217418936,-6515.20574674054,2956.57962667636,656.604378170583,-3558.62612006418,20011.4373985893,4462.13439826532,-615.090318660998,4530.48202343306,546.74269349326,3915.39170477206,16706.2915784485,-1609.7690528704,-6515.20574674054,4530.48202343306,374.954670437085,-1984.72372330748,11453.7553545884,10919.9835965108,-615.090318660998,10451.4481380412,1083.62577713063,9836.35781938016,33130.3134511887,4848.08014537507,-6515.20574674054,10451.4481380412,911.837754074452,3936.24239130062,27877.7772273286,4336.91612273075,-615.090318660999,4181.53425380085,770.472187590897,3566.44393513985,23550.3389976,-1734.98732840497,-6515.20574674054,4181.53425380085,598.684164534722,-2333.67149293969,18297.8027737399
"40",-602.657644077486,-616.878660215461,-7.46860629948333,21.6896224374586,-624.347266514945,665.668185439419,-6659.79025500668,-6503.12318287412,-7.46860629948333,-149.198465833073,-6510.59178917361,-4586.86803842065,3785.04206695876,-616.878660215463,3474.16557107933,927.755156094894,2857.28691086386,28469.5199958734,-2272.09054397043,-6503.12318287413,3474.16557107933,756.867067824363,-3028.9576117948,23216.9837720133,5199.54022683939,-616.878660215461,5197.28932760464,619.129559450215,4580.41066738917,19033.4847337763,-857.592384089803,-6503.12318287412,5197.28932760464,448.241471179683,-1305.83385526949,13780.9485099162,12539.6797881212,-616.878660215462,11925.090105557,1231.46834277971,11308.2114453415,37850.2237926393,6482.54717719201,-6503.12318287412,11925.090105557,1060.58025450918,5421.96692268283,32597.6875687792,5023.97122272419,-616.878660215463,4768.3201037364,872.529779203251,4151.44144352094,26816.4813927421,-1033.161388205,-6503.12318287412,4768.3201037364,701.641690932719,-1734.80307913772,21563.9451688821
"45",-612.604733053668,-628.913668370735,-8.11565397668346,24.4245892937515,-637.029322347418,754.609194711273,-6666.07411651282,-6511.50740721636,-8.11565397668346,-146.451055319782,-6519.62306119304,-4497.9270291488,4183.60222720313,-628.913668370735,3765.64835752583,1046.86753804804,3136.73468915509,32193.5342338734,-1869.86715625602,-6511.50740721636,3765.64835752583,875.991893434506,-2745.85904969053,26940.9980100133,5841.25229915723,-628.913668370735,5772.93001307143,697.235954456535,5144.01634470069,21448.2036059436,-212.21708430193,-6511.50740721636,5772.93001307143,526.360309843002,-738.577394144932,16195.6673820836,14192.9716472811,-628.913668370735,13435.9027827541,1385.98253289776,12806.9891143833,42604.1170742332,8139.50226382193,-6511.50740721636,13435.9027827541,1215.10688828423,6924.39537553771,37351.5808503731,5730.21219206302,-628.913668370735,5374.57749155249,984.548368881259,4745.66382318176,30262.7250998497,-323.257191396136,-6511.50740721636,5374.57749155249,813.672724267726,-1136.92991566387,25010.1888759896
"50",-597.762983369859,-617.166601634868,-8.91193739773917,28.3155556627471,-626.078539032607,866.857292052839,-6666.42059422677,-6514.99679695546,-8.91193739773917,-142.511859873565,-6523.9087343532,-4385.67893180723,4753.66982128153,-617.166601634868,4200.83840478258,1169.99801813381,3583.67180314771,36016.9845625218,-1314.98778957537,-6514.99679695546,4200.83840478258,999.170602597502,-2314.15839217288,30764.4483386618,6612.93029076685,-617.166601634868,6454.1606967843,775.936195617422,5836.99409514943,23854.1776365678,544.272679909944,-6514.99679695546,6454.1606967843,605.10878008111,-60.8361001711655,18601.6414127078,15864.5117083175,-617.166601634867,14941.4638591758,1540.21445077664,14324.2972575409,47359.5023895347,9795.85409746063,-6514.99679695546,14941.4638591758,1369.38703524033,8426.4670622203,42106.9661656746,6462.12103166774,-617.166601634866,5982.50887229199,1096.77876101061,5365.34227065712,33727.5648566531,393.463420810829,-6514.99679695546,5982.50887229199,925.951345474301,-532.487924663472,28475.028632793
"55",-602.760226278035,-621.554718924373,-9.72188289641599,28.5163755427559,-631.276601820789,877.396532748564,-6671.56901648398,-6518.77342996366,-9.72188289641599,-143.073703623911,-6528.49531286007,-4375.13969111151,5347.22030351215,-621.554718924373,4678.90587160475,1289.86915083176,4057.35115268038,39389.6156289043,-721.588486693803,-6518.77342996366,4678.90587160475,1118.2790716651,-1839.8675583589,34137.0794050442,7327.53452295711,-621.554718924373,7094.35747268364,854.731769197843,6472.80275375927,26164.979908319,1258.72573275116,-6518.77342996366,7094.35747268364,683.141690031176,575.584042719987,20912.4436844589,17476.7305627281,-621.554718924373,16398.8037805424,1699.48150111009,15777.2490616181,52029.1836837889,11407.9217725222,-6518.77342996366,16398.8037805424,1527.89142194342,9880.03035057878,46776.6474599288,7128.11960700014,-621.554718924373,6548.51950015196,1201.15482577255,5926.96478122759,36793.2168567501,1059.31081679419,-6518.77342996366,6548.51950015196,1029.56474660588,29.7460701883065,31540.68063289
"60",-590.205553220367,-611.413582486068,-11.6829247811766,32.8909540468758,-623.096507267244,1028.62924704732,-6654.683188591,-6506.41422184081,-11.6829247811766,-136.586041969023,-6518.09714662198,-4223.90697681275,5777.71855644739,-611.413582486066,4997.23664832011,1391.89549061335,4385.82306583404,42989.9497425464,-286.759078923249,-6506.4142218408,4997.23664832011,1222.41849459745,-1509.1775735207,37737.4135186863,7992.78981258295,-611.413582486068,7680.27169700836,923.931698060653,7068.85811452229,28632.7878684861,1928.31217721231,-6506.41422184081,7680.27169700836,754.454702044755,1173.85747516755,23380.251644626,19136.8551591064,-611.413582486067,17915.9187088948,1832.35003269759,17304.5051264088,56792.7675726229,13072.3775237357,-6506.4142218408,17915.9187088948,1662.8730366817,11409.504487054,51540.2313487628,7834.01144869884,-611.413582486066,7149.28525090265,1296.13978028225,6537.87166841659,40195.8716868569,1769.53381332821,-6506.4142218408,7149.28525090265,1126.66278426636,642.871029061849,34943.3354629968
"65",-614.923950246746,-638.278540785268,-12.180678020246,35.5352685587704,-650.459218805514,1091.95107129667,-6681.16035887997,-6533.59342104648,-12.180678020246,-135.386259813249,-6545.77409906672,-4160.5851525634,6395.69475635654,-638.278540785268,5496.38844134127,1537.58485580055,4858.109900556,47194.0346737811,329.458347723317,-6533.59342104647,5496.38844134127,1366.66332742853,-1037.20497970521,41941.4984499211,8796.57713881403,-638.278540785268,8426.07973802197,1008.77594157733,7787.8011972367,31001.5394485412,2730.3407301808,-6533.59342104647,8426.07973802197,837.854413205309,1892.4863169755,25749.0032246811,20758.2046587839,-638.278540785269,19395.2072646885,2001.2759348806,18756.9287239033,61500.558308812,14691.9682501507,-6533.59342104647,19395.2072646885,1830.35440650858,12861.6138436421,56248.0220849519,8519.86111002714,-638.278540785268,7741.79781897907,1416.34183183333,7103.5192781938,43516.949515359,2453.62470139391,-6533.59342104647,7741.79781897907,1245.42030346131,1208.2043979326,38264.4132914989
"70",-592.436422343515,-617.588694359953,-13.3144603629644,38.4667323793983,-630.903154722917,1169.16677251017,-6647.18003097542,-6497.38884951808,-13.3144603629644,-136.476721094375,-6510.70330988105,-4083.3694513499,7312.85817028164,-617.588694359951,6249.48142717406,1680.96543746753,5631.89273281411,50639.1706566482,1258.11456164973,-6497.38884951808,6249.48142717406,1506.02198399376,-247.907422344024,45386.6344327882,9781.05767946495,-617.588694359951,9286.89599680028,1111.75037702462,8669.30730244033,33406.1652124316,3726.31407083305,-6497.38884951808,9286.89599680028,936.80692355085,2789.5071472822,28153.6289885716,22464.6362286777,-617.588694359952,20875.464521938,2206.76040109964,20257.875827578,66263.4255859522,16409.8926200458,-6497.38884951808,20875.464521938,2031.81694762587,14378.0756724199,61010.8893620922,9305.80017213939,-617.588694359951,8357.56634924182,1565.82251725752,7739.97765488187,47051.5323642804,3251.05656350749,-6497.38884951808,8357.56634924182,1390.87906378375,1860.17749972374,41798.9961404203
"75",-606.315444402386,-631.727278815966,-13.9333970657444,39.3452314793235,-645.660675881711,1211.04268445472,-6660.79881082836,-6515.05950242456,-13.9333970657444,-131.805911338059,-6528.99289949031,-4041.49353940535,7494.98508320158,-631.727278815966,6383.98810201922,1742.72425999833,5752.26082320325,53761.4287847489,1440.50171677561,-6515.05950242456,6383.98810201922,1571.57311718095,-131.071400405344,48508.8925608889,10202.1654027279,-631.727278815966,9673.10373379307,1160.78894775075,9041.37645497711,35673.8990883465,4147.68203630189,-6515.05950242456,9673.10373379307,989.637804933372,3158.04423136851,30421.3628644864,24019.9523673343,-631.727278815965,22342.2205112764,2309.45913487384,21710.4932324605,70902.7031488831,17965.4690009083,-6515.05950242456,22342.2205112764,2138.30799205646,15827.1610088519,65650.166925023,9888.68965183208,-631.727278815966,8899.01795543871,1621.39897520934,8267.29067662274,49900.1401852692,3834.2062854061,-6515.05950242456,8899.01795543871,1450.24783239196,2383.95845301414,44647.6039614091
"80",-596.326386734807,-626.716515704571,-14.8854245001694,45.275553469934,-641.60194020474,1372.20441051319,-6635.56434808567,-6495.12605923415,-14.8854245001694,-125.552864351348,-6510.01148373432,-3880.33181334687,8205.62208728536,-626.716515704573,6956.71608176209,1875.62252122784,6329.99956605752,57807.8607911911,2166.3841259345,-6495.12605923415,6956.71608176209,1704.79410340656,461.59002252794,52555.324567331,11143.9144048268,-626.716515704571,10532.2615764057,1238.3693441257,9905.54506070109,38037.1842113096,5104.67644347592,-6495.12605923415,10532.2615764057,1067.54092630441,4037.13551717151,32784.6479874495,25692.6229162319,-626.716515704571,23858.4339652393,2460.90546669713,23231.7174495347,75627.1126468956,19653.384954881,-6495.12605923415,23858.4339652393,2290.07704887585,17363.3079060051,70374.5764230355,10600.4021832141,-626.716515704571,9491.14419006911,1735.97450884952,8864.42767436454,53210.623088058,4561.1642218632,-6495.12605923415,9491.14419006911,1565.14609102824,2996.01813083496,47958.0868641979
"85",-585.60730904372,-617.463653489884,-14.5758755062561,46.4322199524208,-632.03952899614,1412.75911457304,-6656.95193635104,-6516.32023390062,-14.5758755062561,-126.055826944163,-6530.89610940687,-3839.77710928702,8461.24420132395,-617.463653489884,7113.01030694769,1965.69754786614,6495.54665345781,60044.0620925266,2389.89957401664,-6516.32023390062,7113.01030694769,1793.20950096956,596.690073047072,54791.5258686665,11579.8322358816,-617.463653489884,10869.9721807942,1327.32370857728,10252.5085273043,40428.1223381851,5508.48760857427,-6516.32023390062,10869.9721807942,1154.8356616807,4353.65194689357,35175.586114325,27401.6656142122,-617.463653489884,25377.477301186,2641.65196651609,24760.0136476961,80451.1063236554,21330.3209869049,-6516.32023390062,25377.477301186,2469.1639196195,18861.1570672854,75198.5700997953,11392.5884052031,-617.463653489884,10137.8334024901,1872.21865620288,9520.36974900019,57030.6942495714,5321.24377789575,-6516.32023390062,10137.8334024901,1699.7306093063,3621.51316858945,51778.1580257113
"90",-580.3782508431,-615.578243502485,-15.1464224631654,50.3464151225508,-630.72466596565,1538.44165723686,-6643.03043844523,-6504.86006720512,-15.1464224631654,-123.023948776949,-6520.00648966829,-3714.0945666232,8975.62141157711,-615.578243502485,7454.95294660954,2136.24670847005,6839.37470310706,64935.5660630707,2912.96922397497,-6504.86006720512,7454.95294660954,1962.87634457055,950.092879404421,59683.0298392107,12359.5953826336,-615.578243502487,11560.6774482949,1414.49617784115,10945.0992047924,42885.9932664957,6296.94319503146,-6504.86006720512,11560.6774482949,1241.12581394165,5055.81738108981,37633.4570426356,29063.1018847069,-615.578243502487,26870.1000713846,2808.58005682475,26254.5218278821,85105.1025477812,23000.4496971047,-6504.86006720512,26870.1000713846,2635.20969292525,20365.2400041795,79852.5663239211,12056.1447923746,-615.578243502487,10693.9958353907,1977.72720048633,10078.4175918882,60004.7090709721,5993.49260477243,-6504.86006720512,10693.9958353907,1804.35683658684,4189.13576818559,54752.172847112
"95",-595.241880356243,-629.151711539855,-16.0876758632094,49.9975070468208,-645.239387403064,1558.33039350058,-6648.63764686334,-6513.23658776135,-16.0876758632094,-119.313383238783,-6529.32426362456,-3694.20583035948,9424.1563875965,-629.151711539855,7858.68185044721,2194.62624868914,7229.53013890735,67944.4224865436,3370.7606210894,-6513.23658776135,7858.68185044721,2025.31535840354,1345.44526268585,62691.8862626835,12943.3971978803,-629.151711539855,12116.5455157287,1456.00339369149,11487.3938041888,45154.8831893441,6890.00143137322,-6513.23658776135,12116.5455157287,1286.69250340589,5603.30892796733,39902.346965484,30600.8884864878,-629.151711539855,28334.4805365147,2895.55966151291,27705.3288249749,89831.4624774373,24547.4927199807,-6513.23658776135,28334.4805365147,2726.2487712273,21821.2439487534,84578.9262535772,12713.1379195295,-629.151711539855,11297.2970814238,2044.99254964558,10668.1453698839,63438.0609881692,6659.74215302241,-6513.23658776135,11297.2970814238,1875.68165935998,4784.06049366243,58185.5247643091
"100",-583.855934978455,-619.510457582437,-18.2971926293631,53.9517152333456,-637.8076502118,1634.05509118462,-6659.67739340874,-6524.49058029584,-18.2971926293631,-116.889620483535,-6542.7877729252,-3618.48113267544,10170.3955304896,-619.510457582437,8484.97230231217,2304.93368575983,7865.46184472973,70562.0425467218,4094.57407205928,-6524.49058029584,8484.97230231217,2134.09235004295,1960.48172201632,65309.5063228617,13773.2362050099,-619.510457582439,12842.3682170626,1550.37844552967,12222.8577594802,47559.317533407,7697.41474657958,-6524.49058029584,12842.3682170626,1379.53710981279,6317.8776367668,42306.7813095469,32280.2062774922,-619.510457582438,29820.9883090919,3078.72842598274,29201.4778515095,94592.2570798078,26204.3848190619,-6524.49058029584,29820.9883090919,2907.88709026586,23296.4977287961,89339.7208559477,13460.0653388158,-619.510457582437,11897.1619976344,2182.4137987638,11277.651540052,66812.6667403743,7384.24388038551,-6524.49058029584,11897.1619976344,2011.57246304692,5372.6714173386,61560.1305165142
"105",-581.8188488942,-622.405691851263,-17.537012520479,58.123855477545,-639.942704371742,1752.87563664097,-6664.72142580809,-6532.76632546729,-17.537012520479,-114.418087820321,-6550.30333798776,-3499.6605872191,10644.4996920194,-622.405691851263,8802.5950761489,2464.31030772178,8180.18938429764,74954.1579903759,4561.59711510553,-6532.76632546729,8802.5950761489,2291.76836442392,2269.82875068161,69701.6217665158,14528.3577935461,-622.405691851263,13510.5286879582,1640.2347974392,12888.1229961069,49898.3192743413,8445.45521663225,-6532.76632546729,13510.5286879582,1467.69285414134,6977.76236249092,44645.7830504812,33970.3120511834,-622.405691851264,31329.9700950501,3262.74764798456,30707.5644031988,99281.6534998105,27887.4094742695,-6532.76632546729,31329.9700950501,3090.2057046867,24797.2037695828,94029.1172759505,14149.6427155063,-622.405691851263,12468.1042471698,2303.94416018768,11845.6985553186,69930.8771265149,8066.74013859237,-6532.76632546729,12468.1042471698,2131.40221688981,5935.33792170255,64678.3409026548
"110",-572.402378572406,-615.514473684952,-19.1428315110097,62.2549266235546,-634.657305195962,1888.56608095762,-6634.96920108937,-6506.64757619448,-19.1428315110097,-109.17879338388,-6525.79040770549,-3363.97014290244,11065.3198052415,-615.514473684951,9112.0277356898,2568.80654323667,8496.51326200485,78572.2285027379,5002.75298272456,-6506.64757619448,9112.0277356898,2397.37282322923,2605.38015949533,73319.6922788778,15150.7930589921,-615.514473684951,14053.3707295155,1712.93680316159,13437.8562558305,52414.8372612733,9088.22623647514,-6506.64757619448,14053.3707295155,1541.50308315416,7546.72315332099,47162.3010374132,35649.0913105877,-615.514473684952,32863.2354965544,3401.37028771828,32247.7210228695,104169.853873605,29586.5244880708,-6506.64757619448,32863.2354965544,3229.93656771084,26356.5879203599,98917.3176497449,14954.4155093729,-615.514473684952,13145.9797298926,2423.9502531653,12530.4652562077,74053.57863882,8891.84868685599,-6506.64757619448,13145.9797298926,2252.51653315787,6639.33215369813,68801.0424149599
"115",-593.422038645251,-634.452474371565,-19.44629769532,60.4767334216326,-653.898772066885,1861.63885789794,-6649.13873060966,-6521.06257747766,-19.44629769532,-108.629855436685,-6540.50887517298,-3390.89736596213,11670.5224503848,-634.452474371565,9657.68612059785,2647.28880415855,9023.23364622629,82396.7202164332,5614.80575842042,-6521.06257747766,9657.68612059785,2478.18221530023,3136.6235431202,77144.1839925732,15844.243039911,-634.452474371565,14717.2053684034,1761.4901458792,14082.7528940318,54777.1755604768,9788.52634794661,-6521.06257747766,14717.2053684034,1592.38355702088,8196.14279092573,49524.6393366167,37144.9814392383,-634.452474371564,34278.3456883001,3501.08822530979,33643.8932139285,108767.059312942,31089.2647472739,-6521.06257747766,34278.3456883001,3331.98163645147,27757.2831108224,103514.523089082,15498.9434856312,-634.452474371563,13668.5642107625,2464.83174924021,13034.111736391,76714.7166801639,9443.22679366678,-6521.06257747766,13668.5642107625,2295.7251603819,7147.50163328489,71462.1804563038
"120",-590.979922176797,-633.112351835132,-20.1749894233162,62.3074190816496,-653.287341258449,1958.04466244161,-6641.50499424971,-6516.2699453058,-20.1749894233162,-105.060059520598,-6536.44493472912,-3294.49156141846,11884.5559541635,-633.112351835132,9841.10760695616,2676.56069904242,9207.99525512103,84298.960181525,5834.03088209053,-6516.2699453058,9841.10760695616,2509.19322044017,3324.83766165036,79046.4239576649,16320.7707615205,-633.112351835131,15141.1717882626,1812.711325093,14508.0594364275,56905.2591010069,10270.2456894475,-6516.2699453058,15141.1717882626,1645.34384649075,8624.9018429568,51652.7228771468,38770.8821210296,-633.112351835132,35788.3438892794,3615.6505835854,35155.2315374442,113463.196145841,32720.3570489567,-6516.2699453058,35788.3438892794,3448.28310498315,29272.0739439736,108210.659921981,16182.0608493745,-633.112351835132,14264.3741270255,2550.79907418417,13631.2617751904,80071.0500429889,10131.5357773016,-6516.2699453058,14264.3741270255,2383.43159558193,7748.10418171968,74818.5138191288
"125",-579.900699742648,-625.122331943423,-21.677714053103,66.8993462538783,-646.800045996526,2032.56633135981,-6647.47951172923,-6520.86949669304,-21.677714053103,-104.932300983086,-6542.54721074615,-3219.96989250026,12422.9436907231,-625.122331943423,10120.6350912053,2927.43093146125,9495.5127592619,89544.0902580373,6355.36487873656,-6520.86949669304,10120.6350912053,2755.59928422428,3599.76559451228,84291.5540341772,17101.8430292139,-625.122331943423,15779.9382850807,1947.02707607659,15154.8159531373,59512.8162440028,11034.2642172273,-6520.86949669304,15779.9382850807,1775.19542883963,9259.06878838768,54260.2800201427,40547.9975381918,-625.122331943423,37303.3269573484,3869.79291278677,36678.204625405,118262.027893053,34480.4187262052,-6520.86949669304,37303.3269573484,3697.9612655498,30782.4574606554,113009.491669193,17008.4686888414,-625.122331943423,14891.1925470994,2742.39847368538,14266.070215156,83707.840590861,10940.8898768548,-6520.86949669304,14891.1925470994,2570.56682644842,8370.3230504064,78455.304367001
"130",-593.119381286971,-637.491678280074,-23.8336893486048,68.2059863417071,-661.325367628679,2086.6737588617,-6638.09439037319,-6512.50216726514,-23.8336893486048,-101.758533759442,-6536.33585661374,-3165.86246499837,12376.7335285038,-637.491678280076,9994.54796708917,3019.67723969473,9357.05628880909,93175.5754395535,6331.75851941761,-6512.50216726514,9994.54796708917,2849.71271959358,3482.04579982403,87923.0392156935,17351.8515629497,-637.491678280074,15987.8862846276,2001.45695660225,15350.3946063475,61823.688115054,11306.8765538635,-6512.50216726514,15987.8862846276,1831.4924365011,9475.38411736242,56571.1518911939,42120.1668107956,-637.491678280074,38778.8523846605,3978.80610441521,38141.3607063804,122944.748794006,36075.1918017094,-6512.50216726514,38778.8523846605,3808.84158431406,32266.3502173953,117692.212570146,17625.7273609841,-637.491678280074,15454.0571468803,2809.16189238384,14816.5654686002,86744.5388454747,11580.7523518979,-6512.50216726514,15454.0571468803,2639.19737228269,8941.55497961517,81492.0026216147
"135",-585.518860862187,-635.212922239065,-23.4057795443841,73.0998409212561,-658.618701783449,2252.73830875481,-6644.02697840853,-6525.23919280787,-23.4057795443841,-95.3820060562798,-6548.64497235225,-2999.79791510526,14034.8755688689,-635.212922239065,11547.8655825866,3122.22290852138,10912.6526603476,97038.054977135,7976.36745132261,-6525.23919280787,11547.8655825866,2953.74106154384,5022.62638977876,91785.5187532749,18974.2002484012,-635.212922239065,17545.1417823631,2064.27138827723,16909.928860124,64276.8319422906,12915.6921308549,-6525.23919280787,17545.1417823631,1895.7895412997,11019.9025895552,59024.2957184305,43735.7490710031,-635.212922239065,40274.1749738026,4096.78701943958,39638.9620515635,127692.57561385,37677.2409534568,-6525.23919280787,40274.1749738026,3928.30517246205,33748.9357809947,122440.03938999,18318.9892846214,-635.212922239065,16056.5710663391,2897.63114052133,15421.3581441001,90166.0620521258,12260.481167075,-6525.23919280787,16056.5710663391,2729.14929354379,9531.33187353125,84913.5258282657
"140",-591.086497920085,-641.034566958089,-22.8859391071783,72.8340081451825,-663.920506065268,2225.48771385167,-6643.7398874528,-6522.32148727495,-22.8859391071783,-98.5324610706703,-6545.20742638213,-3027.0485100084,14117.0169634762,-641.034566958089,11461.8433422938,3296.20818814054,10820.8087753357,100956.797716588,8064.3635739435,-6522.32148727495,11461.8433422938,3124.84171892469,4939.52185501882,95704.2614927276,19300.2096092339,-641.034566958087,17769.04687504,2172.19730115198,17128.0123080819,66618.4069252018,13247.5562197012,-6522.32148727495,17769.04687504,2000.83083193613,11246.7253877651,61365.8707013417,45392.5168792009,-641.034566958088,41716.6230426259,4316.92840353313,41075.5884756678,132352.888474171,39339.8634896682,-6522.32148727495,41716.6230426259,4145.56193431728,35194.3015553509,127100.352250311,19023.492086772,-641.034566958087,16627.7982118636,3036.72844186646,15986.7636449055,93280.7502047793,12970.8386972393,-6522.32148727495,16627.7982118636,2865.36197265061,10105.4767245887,88028.2139809192
"145",-580.846944088524,-635.282392777233,-25.1240726664109,79.5595213551151,-660.406465443644,2433.56053829668,-6632.49795020168,-6516.50713203779,-25.1240726664109,-90.8667454974875,-6541.6312047042,-2818.9756855634,14797.9932806897,-635.282392777233,12048.3910112102,3384.88466225681,11413.1086184329,104225.067817636,8746.34227457658,-6516.50713203778,12048.3910112102,3214.45839540421,5531.88387917237,98972.5315937756,20244.0956634906,-635.282392777233,18640.869350959,2238.5087053089,18005.5869581817,68967.8473947804,14192.4446573775,-6516.50713203779,18640.869350959,2068.0824384563,12124.3622189212,63715.3111709203,47076.1538248939,-635.282392777233,43262.2113345046,4449.22488316658,42626.9289417274,137096.228213151,41024.5028187808,-6516.50713203778,43262.2113345046,4278.79861631398,36745.7042024668,131843.691989291,19711.4125517545,-635.282392777232,17211.9234221296,3134.77152240211,16576.6410293523,96517.4622923431,13659.7615456413,-6516.50713203778,17211.9234221296,2964.34525554951,10695.4162900918,91264.926068483
"150",-577.716304732188,-631.460800183135,-27.1496848691313,80.8941803200787,-658.610485052266,2492.89029596228,-6644.32039224936,-6527.52129995266,-27.1496848691313,-89.6494074275752,-6554.67098482179,-2759.6459278978,14947.0590930765,-631.460800183137,12146.6977700439,3431.82212321569,11515.2369698608,106385.565099029,8880.45500555932,-6527.52129995266,12146.6977700439,3261.27853546804,5619.17647009128,101133.028875169,20430.002375744,-631.460800183137,18743.0190762735,2318.44409965357,18111.5582760904,71495.9475635821,14363.3982882268,-6527.52129995266,18743.0190762735,2147.90051190592,12215.4977763209,66243.411339722,48740.211549554,-631.460800183136,44762.4770927451,4609.19525699197,44131.016292562,142006.33650561,42673.6074620368,-6527.52129995266,44762.4770927451,4438.65166924431,38234.9557927925,136753.80028175,20522.5605186407,-631.460800183137,17892.9076144975,3261.11370432634,17261.4468143144,100651.713086739,14455.9564311236,-6527.52129995266,17892.9076144975,3090.57011657869,11365.3863145449,95399.176862879
"155",-563.779648088617,-622.699196583406,-26.8313872042345,85.750935699024,-649.53058378764,2617.45557141581,-6625.35648265261,-6514.41961485978,-26.8313872042345,-84.1054805885879,-6541.25100206402,-2635.08065244427,16205.4832707152,-622.699196583406,13193.8878045769,3634.29466272171,12571.1886079935,112115.623493197,10143.9064361512,-6514.41961485978,13193.8878045769,3464.4382464341,6679.46818971711,106863.087269337,21903.8461311574,-622.699196583406,20131.3360471892,2395.20928055165,19508.6368506058,73989.86749693,15842.2692965934,-6514.41961485978,20131.3360471892,2225.35286426404,13616.9164323294,68737.33127307,50380.9672948853,-622.699196583405,46258.69451027,4744.97198119863,45635.9953136866,146668.010268724,44319.3904603213,-6514.41961485978,46258.69451027,4575.11556491102,39744.2748954103,141415.474044864,21233.1564942957,-622.699196583404,18482.4657189503,3373.38997192877,17859.7665223669,103957.519726532,15171.5796597317,-6514.41961485978,18482.4657189503,3203.53355564116,11968.0461040905,98704.9835026723
"160",-564.148259825284,-619.976459456051,-29.9788351379502,85.8070347687126,-649.955294594001,2616.79903996352,-6627.72897194316,-6513.3844625227,-29.9788351379502,-84.3656742825096,-6543.36329766065,-2635.73718389656,16684.113581858,-619.976459456053,13558.327695965,3745.76234534909,12938.3512365089,115288.449349429,10620.5328697402,-6513.3844625227,13558.327695965,3575.58963629787,7044.94323344229,110035.913125569,22470.2884601137,-619.976459456051,20615.8182872987,2474.44663227105,19995.8418278427,76322.3734530107,16406.7077479958,-6513.3844625227,20615.8182872987,2304.27392321983,14102.433824776,71069.8372291506,51998.1864972018,-619.976459456051,47711.7829050672,4906.38005159061,47091.8064456112,151430.461088446,45934.6057850839,-6513.3844625227,47711.7829050672,4736.20734253939,41198.3984425445,146177.924864585,21933.9736535535,-619.976459456051,19077.0562079203,3476.89390508934,18457.0797484642,107290.682090544,15870.3929414357,-6513.3844625227,19077.0562079203,3306.72119603812,12563.6717453975,102038.145866684
"165",-577.125149703868,-632.93692935119,-30.3404786957544,86.1522583430715,-663.277408046944,2635.03166346817,-6619.67706387889,-6503.65796225845,-30.3404786957544,-85.6786229246882,-6533.9984409542,-2617.50456039191,16369.8434686645,-632.936929351188,13182.9739425943,3819.80645542138,12550.0370132431,116952.819718275,10327.2915544894,-6503.65796225845,13182.9739425943,3647.97557415362,6679.31598033582,111700.283494415,22518.3951895593,-632.936929351188,20590.1661325274,2561.16598638305,19957.2292031762,78275.4797111297,16475.8432753842,-6503.65796225845,20590.1661325274,2389.33510511529,14086.508170269,73022.9434872696,53678.2384613753,-632.936929351189,49207.7091113027,5103.46627942379,48574.7721819515,156005.440677805,47635.6865472003,-6503.65796225845,49207.7091113027,4931.63539815603,42704.0511490443,150752.904453945,22550.6990294525,-632.936929351188,19588.3655090271,3595.27044977658,18955.4285796759,109853.382230308,16508.1471152775,-6503.65796225845,19588.3655090271,3423.43956850882,13084.7075467687,104600.846006448
"170",-566.953629341988,-623.445564686244,-31.0114288457553,87.5033641900063,-654.456993532,2720.49899457872,-6633.47661951569,-6520.2486124242,-31.0114288457553,-82.2165782457341,-6551.26004126996,-2532.03722928136,17461.4280674396,-623.445564686244,14179.7825830178,3905.09104910798,13556.3370183316,121339.736634835,11394.9050772659,-6520.2486124242,14179.7825830178,3735.37110667224,7659.53397059362,116087.200410975,23648.5620065644,-623.445564686244,21666.3653581475,2605.64221310314,21042.9197934613,80667.4676070148,17582.0390163907,-6520.2486124242,21666.3653581475,2435.9222706674,15146.1167457233,75414.9313831548,55182.7909201802,-623.445564686244,50617.7985504354,5188.43793443099,49994.3529857492,160599.450165659,49116.2679300065,-6520.2486124242,50617.7985504354,5018.71799199525,44097.5499380112,155346.913941799,23133.6642270411,-623.445564686244,20122.3647380443,3634.74505368305,19498.9191733581,112619.375170843,17067.1412368674,-6520.2486124242,20122.3647380443,3465.02511124731,13602.1161256201,107366.838946982
"175",-549.351120667161,-611.703063000105,-30.2094569127075,92.561399245651,-641.912519912812,2870.11732385829,-6614.66240443017,-6505.91295704058,-30.2094569127075,-78.539990476881,-6536.12241395328,-2382.41890000179,17682.7056585055,-611.703063000105,14190.5864847041,4103.82223680153,13578.883421704,125770.013745199,11617.3943747425,-6505.91295704058,14190.5864847041,3932.720847079,7684.67352766352,120517.477521339,24215.7413997847,-611.703063000105,22115.3004855277,2712.14397725711,21503.5974225276,83246.2157118604,18150.4301160217,-6505.91295704058,22115.3004855277,2541.04258753458,15609.3875284872,77993.6794880003,57006.1970812897,-611.703063000105,52225.1759130043,5392.72423128555,51613.4728500042,165573.518440756,50940.8857975267,-6505.91295704058,52225.1759130043,5221.62284156302,45719.2629559637,160320.982216896,24049.7841892938,-611.703063000105,20847.8765733039,3813.61067899006,20236.1735103038,117169.188977142,17984.4729055308,-6505.91295704058,20847.8765733039,3642.50928926753,14341.9636162633,111916.652753282
"180",-565.750874687801,-636.056026847446,-31.4396199222647,101.744772081908,-667.49564676971,3172.93016598377,-6621.3378520422,-6523.74805694069,-31.4396199222647,-66.1501751792384,-6555.18767686296,-2079.60605787631,18557.460546328,-636.056026847446,15075.4143288376,4118.10224433782,14439.3583019902,128723.843578937,12501.8735689736,-6523.74805694069,15075.4143288376,3950.20729707667,8551.66627189695,123471.307355077,25359.9361659515,-636.056026847446,23257.7650096979,2738.22718310103,22621.7089828505,85629.9401912125,19304.3491885971,-6523.74805694069,23257.7650096979,2570.33223583989,16734.0169527572,80377.4039673525,58560.9073281925,-636.056026847446,53754.0384432715,5442.92491176842,53117.9824164241,170249.421611282,52505.3203508381,-6523.74805694069,53754.0384432715,5275.02996450727,47230.2903863308,164996.885387422,24613.9235184365,-636.056026847446,21404.4828416789,3845.49670360512,20768.4268148314,120190.833945147,18558.3365410821,-6523.74805694069,21404.4828416789,3677.60175634397,14880.7347847382,114938.297721287
"185",-570.117579557846,-638.330233667479,-33.3208681245742,101.533522234207,-671.651101792053,3176.87559989959,-6616.61538130898,-6515.27742986226,-33.3208681245742,-68.0170833221455,-6548.59829798683,-2075.66062396049,18833.4852131942,-638.330233667479,15218.2290305967,4253.58641626506,14579.8987969292,132589.372726423,12786.9874114431,-6515.27742986226,15218.2290305967,4084.0358107087,8702.95160073439,127336.836502563,25809.3947850481,-638.330233667479,23604.8635702731,2842.8614484424,22966.5333366057,88146.3106565571,19762.8969832969,-6515.27742986226,23604.8635702731,2673.31084288605,17089.5861404109,82893.774432697,60273.5870206383,-638.33023366748,55259.8973490582,5652.01990524765,54621.5671153907,175110.345620789,54227.0892188872,-6515.27742986226,55259.8973490582,5482.4692996913,48744.6199191959,169857.809396929,25411.213016454,-638.330233667479,22051.0109542277,3998.53229589384,21412.6807205602,123997.462905128,19364.7152147029,-6515.27742986226,22051.0109542277,3828.98169033748,15535.7335243654,118744.926681268
"190",-548.259986251498,-622.508466329842,-33.3763258904037,107.624805968747,-655.884792220246,3345.83845357792,-6608.66287205709,-6514.18989628593,-33.3763258904037,-61.0966498807475,-6547.56622217634,-1906.69777028216,20011.9672656949,-622.508466329844,16256.3707372663,4378.10499475846,15633.8622709365,135966.697829995,13951.5643798893,-6514.18989628594,16256.3707372663,4209.38353890897,9742.18084098038,130714.161606135,27060.3469386541,-622.508466329842,24766.4042583093,2916.45114667465,24143.8957919794,90651.4769347135,20999.9440528485,-6514.18989628594,24766.4042583093,2747.72969082515,18252.2143620233,85398.9407108534,61948.8894966616,-622.508466329843,56788.5346003069,5782.86336268454,56166.026133977,179925.360738831,55888.486610856,-6514.18989628594,56788.5346003069,5614.14190683504,50274.3447040209,174672.824514971,26199.7858885181,-622.508466329842,22698.8331579762,4123.46119687171,22076.3246916464,127824.896814164,20139.3830027125,-6514.18989628594,22698.8331579762,3954.73974102222,16184.6432616903,122572.360590304
"195",-538.125412180816,-609.672539082652,-32.6785830429035,104.225709944738,-642.351122125556,3215.41155923376,-6604.63023655399,-6507.06396344983,-32.6785830429035,-64.8876900612531,-6539.74254649274,-2037.12466462632,19945.4292246828,-609.672539082654,16135.0322367409,4420.06952702452,15525.3596976582,138103.699251181,13878.9244003096,-6507.06396344983,16135.0322367409,4250.95612701853,9627.96827329105,132851.163027321,27180.9242785676,-609.672539082652,24813.2721859779,2977.32463167239,24203.5996468952,92530.2612902872,21114.4194541945,-6507.06396344983,24813.2721859779,2808.2112316664,18306.2082225281,87277.7250664271,63476.2035506538,-609.672539082653,58151.4314231023,5934.44466663412,57541.7588840197,184314.930543071,57409.6987262806,-6507.06396344983,58151.4314231023,5765.33126662813,51644.3674596525,179062.394319211,26686.0504543303,-609.672539082652,23122.6303437792,4173.09264963375,22512.9578046966,129572.622772171,20619.5456299571,-6507.06396344983,23122.6303437792,4003.97924962776,16615.5663803294,124320.086548311
"200",-538.762506502251,-612.30579339265,-37.3977667758736,110.941053666276,-649.703560168524,3416.95253999447,-6609.91669903914,-6513.51375989582,-37.3977667758736,-59.0051723674451,-6550.91152667169,-1835.58368386561,20333.1364608927,-612.30579339265,16307.6285135658,4637.81374071962,15695.3227201731,143450.962730311,14261.9822683559,-6513.51375989582,16307.6285135658,4467.8675146859,9794.11475366996,138198.426506451,27784.3354664567,-612.305793392652,25311.4632449944,3085.17801485493,24699.1574516017,95278.1174933621,21713.1812739198,-6513.51375989582,25311.4632449944,2915.23178882121,18797.9494850986,90025.581269502,65205.4901379496,-612.305793392651,59691.2072041199,6126.58872722231,59078.9014107273,189296.491794377,59134.3359454127,-6513.51375989582,59691.2072041199,5956.64250118859,53177.6934442241,184043.955570517,27513.97006064,-612.30579339265,23794.9972168034,4331.2786372292,23182.6914234108,133632.657079705,21442.8158681031,-6513.51375989582,23794.9972168034,4161.33241119548,17281.4834569076,128380.120855845
"205",-540.166958403432,-614.590459300985,-37.0583732869454,111.4818741845,-651.648832587931,3493.60173360008,-6598.94009927505,-6501.70695315588,-37.0583732869454,-60.1747728322125,-6538.76532644283,-1758.93449026,21297.8143509321,-614.590459300987,17086.9457980685,4825.45901216464,16472.3553387675,147242.115347817,15239.0412100605,-6501.70695315589,17086.9457980685,4653.80236514793,10585.2388449126,141989.579123957,28762.0725174748,-614.590459300987,26168.7572265897,3207.90575018614,25554.1667672887,98156.6580828233,22703.2993766032,-6501.70695315589,26168.7572265897,3036.24910316943,19667.0502734338,92904.1218589632,66995.1289901432,-614.590459300986,61259.1027215072,6350.616727937,60644.5122622062,194381.801565687,60936.3558492716,-6501.70695315589,61259.1027215072,6178.96008092028,54757.3957683513,189129.265341827,28547.2511118549,-614.590459300987,24621.400049046,4540.44152210986,24006.809589745,139126.897163211,22488.4779709833,-6501.70695315589,24621.400049046,4368.78487509315,18119.6930958901,133874.360939351
"210",-552.088785034852,-633.413081350824,-38.0115042185389,119.335800534507,-671.424585569363,3655.82476843955,-6596.07214414328,-6505.71459414579,-38.0115042185389,-52.3460457789488,-6543.72609836433,-1596.71145542053,22251.8550542051,-633.413081350822,17867.2658637622,5018.00227179368,17233.8527824114,153152.021582892,16207.8716950967,-6505.71459414579,17867.2658637622,4846.32042548022,11361.5512696164,147899.485359032,30017.2304371012,-633.413081350824,27365.4549465463,3285.18857190563,26732.0418651955,100373.720345137,23973.2470779927,-6505.71459414579,27365.4549465463,3113.50672559218,20859.7403524005,95121.1841212772,68590.4527861129,-633.413081350823,62722.2041092735,6501.66175819019,62088.7910279227,198848.051296612,62546.4694270044,-6505.71459414579,62722.2041092735,6329.97991187673,56216.4895151277,193595.515072752,29106.1334405239,-633.413081350824,25106.0535317872,4633.49299008753,24472.6404504364,141459.205683639,23062.1500814155,-6505.71459414579,25106.0535317872,4461.81114377407,18600.3389376414,136206.669459779
"215",-531.149433864128,-615.855060712667,-39.1099968297785,123.815623678317,-654.965057542446,3782.02092813491,-6596.99134392736,-6511.24495407115,-39.1099968297785,-46.6363930264333,-6550.35495090093,-1470.51529572517,22262.8495923263,-615.855060712667,17822.8226284295,5055.88202460946,17206.9675677168,155871.965249046,16197.0076822631,-6511.24495407115,17822.8226284295,4885.43000790471,11311.5776743584,150619.429025186,30455.3984232107,-615.855060712667,27749.5177482254,3321.735735698,27133.6626875127,102383.704834061,24389.5565131475,-6511.24495407115,27749.5177482254,3151.28371899325,21238.2727941542,97131.1686102013,70182.9557914212,-615.855060712667,64198.3034526982,6600.50739943566,63582.4483919856,203366.469805232,64117.113881358,-6511.24495407115,64198.3034526982,6430.05538273091,57687.0584986271,198113.933581372,29621.0276810677,-615.855060712667,25570.8269398375,4666.05580194289,24954.9718791248,143593.133692297,23555.1857710044,-6511.24495407115,25570.8269398375,4495.60378523814,19059.5819857663,138340.597468437
"220",-528.974060916138,-606.650860021546,-39.0264810532462,116.703280158657,-645.677341074792,3566.04722548558,-6592.63268644202,-6499.04755862242,-39.0264810532462,-54.558646766357,-6538.07403967566,-1686.48899837449,23051.683425335,-606.650860021546,18519.6733998641,5138.66088549242,17913.0225398425,157351.832763469,16988.0247998091,-6499.04755862242,18519.6733998641,4967.39895856741,12020.6258412417,152099.296539609,31136.4807709234,-606.650860021547,28322.8986269217,3420.23300402326,27716.2477669002,104821.277658375,25072.8221453975,-6499.04755862242,28322.8986269217,3248.97107709824,21823.8510682993,99568.7414345144,71829.4742651925,-606.650860021547,65648.7952098713,6787.32991534282,65042.1443498497,208110.369912996,65765.8156396667,-6499.04755862242,65648.7952098713,6616.06798841781,59149.7476512488,202857.833689136,30396.4288360222,-606.650860021547,26198.1734835795,4804.90621246432,25591.5226235579,147206.871118467,24332.7702104964,-6499.04755862242,26198.1734835795,4633.64428553931,19699.1259249571,141954.334894607
"225",-558.956156699162,-645.059408430168,-40.9280591262832,127.031310857285,-685.987467556452,3840.8566599857,-6609.92146141817,-6524.36092806266,-40.9280591262832,-44.6324742292327,-6565.28898718894,-1411.67956387438,23379.7722146398,-645.059408430168,18743.2350992755,5281.59652379446,18098.1756908453,161529.500411274,17328.8069099208,-6524.36092806266,18743.2350992755,5109.93273870795,12218.8741712128,156276.964187414,31634.100847071,-645.059408430168,28772.0076332511,3507.15262225014,28126.9482248209,107230.491158941,25583.135542352,-6524.36092806266,28772.0076332511,3335.48883716362,22247.6467051884,101977.954935081,73446.8468561565,-645.059408430169,67132.1585966349,6959.74766795174,66487.0991882047,212908.356355479,67395.8815514375,-6524.36092806266,67132.1585966349,6788.08388286522,60607.7976685723,207655.820131619,31088.9527253048,-645.05940843017,26804.2149802313,4929.79715350371,26159.1555718011,150685.697289374,25037.9874205858,-6524.36092806266,26804.2149802313,4758.13336841719,20279.8540521686,145433.161065514
"230",-552.187286807617,-625.894971355181,-40.4709992607604,114.178683808324,-666.365970615941,3609.80565189352,-6606.25847281501,-6511.60833095115,-40.4709992607604,-54.1791426030977,-6552.07933021191,-1642.73057196656,23338.253922362,-625.894971355179,18792.804949846,5171.34394387125,18166.9099784908,162013.254370283,17284.1827363546,-6511.60833095115,18792.804949846,5002.98611745983,12281.1966188948,156760.718146423,31597.3641971054,-625.894971355181,28725.5656532185,3497.69351524204,28099.6706818633,109234.935590683,25543.293011098,-6511.60833095115,28725.5656532185,3329.33568883062,22213.9573222673,103982.399366823,74810.2456713131,-625.894971355181,68467.0992806306,6969.04136203767,67841.2043092754,217463.022029168,68756.1744853057,-6511.60833095115,68467.0992806306,6800.68353562625,61955.4909496795,212210.485805308,31619.518924365,-625.894971355181,27334.2325034439,4911.18139227635,26708.3375320887,153404.051726066,25565.4477383576,-6511.60833095115,27334.2325034439,4742.82356586493,20822.6241724927,148151.515502206
"235",-544.716800440379,-634.657506752857,-41.7375198032969,131.678226115771,-676.395026556154,4074.95667246697,-6592.0269645104,-6511.80119033767,-41.7375198032969,-38.4882543694357,-6553.53871014097,-1177.57955139311,25162.128905215,-634.657506752857,20286.327271042,5510.4591409259,19651.6697642891,169534.77157036,19114.818741145,-6511.80119033767,20286.327271042,5340.29266044069,13774.5260807043,164282.2353465,33801.3362764961,-634.657506752859,30804.1147257317,3631.87905751726,30169.4572189789,112072.752845016,27754.0261124261,-6511.80119033767,30804.1147257317,3461.71257703206,24292.3135353941,106820.216621156,76772.4303375375,-634.657506752857,70200.331352512,7206.75649177838,69565.6738457591,222461.507891244,70725.1201734675,-6511.80119033767,70200.331352512,7036.59001129317,63688.5301621743,217208.971667384,32569.4717322218,-634.657506752857,28081.8943597305,5122.2348792442,27447.2368529776,158208.298814862,26522.1615681518,-6511.80119033767,28081.8943597305,4952.06839875899,21570.0931693928,152955.762591002
"240",-538.953889626791,-624.25111248842,-39.9940244422687,125.291247303895,-664.245136930689,3908.52889095349,-6594.95234916142,-6508.6948511698,-39.9940244422687,-46.2634735493548,-6548.68887561207,-1344.00733290659,24854.2196959688,-624.25111248842,19848.5484902435,5629.9223182138,19224.297377755,172807.814771177,18798.2212364342,-6508.6948511698,19848.5484902435,5458.36759736056,13339.8536390737,167555.278547317,33748.0787233513,-624.251112488422,30642.3842294361,3729.94560640363,30018.1331169476,114247.987974818,27692.0802638167,-6508.6948511698,30642.3842294361,3558.39088555038,24133.6893782663,108995.451750958,78383.5420053674,-624.251112488421,71594.0752267762,7413.71789107956,70969.8241142878,227001.822600764,72327.5435458327,-6508.6948511698,71594.0752267762,7242.16317022631,65085.3803756064,221749.286376904,33151.2763820033,-624.251112488422,28542.045731718,5233.48176277371,27917.7946192296,160262.702706789,27095.2779224687,-6508.6948511698,28542.045731718,5061.92704192046,22033.3508805482,155010.166482929
"245",-524.737279094712,-620.391457279487,-43.3623417556264,139.016519940397,-663.753799035114,4254.11262301705,-6580.7809405544,-6504.52487641623,-43.3623417556264,-32.8937223825415,-6547.88721817186,-998.423600843031,25514.0245369163,-620.391457279487,20376.4730695943,5757.94292460143,19756.0816123148,176036.406032221,19457.9808754566,-6504.52487641623,20376.4730695943,5586.03268227849,13871.9481931781,170783.869808361,34586.9701314598,-620.391457279487,31372.1070582309,3835.25453050841,30751.7156009514,117142.464363636,28530.9264700001,-6504.52487641623,31372.1070582309,3663.34428818548,24867.5821818146,111889.928139776,80228.8795903793,-620.391457279487,73249.324431677,7599.94661598175,72628.9329743975,232183.496138807,74172.8359289196,-6504.52487641623,73249.324431677,7428.03637365881,66744.7995552608,226930.959914947,34190.1310628124,-620.391457279487,29376.6434944231,5433.87902566879,28756.2520371436,165836.408562431,28134.0874013527,-6504.52487641623,29376.6434944231,5261.96878334586,22872.1186180069,160583.872338571
"250",-539.753002645964,-632.182568548333,-44.5318073785165,136.961373280879,-676.714375926849,4238.15735837226,-6587.95248128262,-6509.09492174432,-44.5318073785165,-34.3257521597852,-6553.62672912284,-1014.37886548782,26066.916144548,-632.182568548333,20859.3982340498,5839.70047904656,20227.2156655015,179269.584950875,20018.7166659114,-6509.09492174432,20859.3982340498,5668.4133536059,14350.3033123055,174017.048727015,35273.2001785065,-632.182568548333,32016.624966777,3888.75778027783,31384.4423982286,119264.858734537,29225.0006998698,-6509.09492174432,32016.624966777,3717.47065483716,25507.5300450326,114012.322510677,81690.8320089485,-632.182568548333,74607.4551656463,7715.55941185057,73975.2725970979,236596.864379142,75642.6325303119,-6509.09492174432,74607.4551656463,7544.2722864099,68098.3602439019,231344.328155282,34609.7865171689,-632.182568548331,29781.5540109505,5460.41507476675,29149.3714424022,167404.109564831,28561.5870385323,-6509.09492174432,29781.5540109505,5289.12794932609,23272.4590892062,162151.573340971
"255",-519.352542294277,-620.264639693232,-41.268174185876,142.180271584838,-661.532813879108,4333.1824506094,-6585.66049049389,-6514.76423754751,-41.268174185876,-29.6280787605001,-6556.03241173339,-919.353773250681,26326.4056177719,-620.264639693234,21016.834331717,5929.8359257481,20396.5696920238,181593.681568327,20260.0976695723,-6514.76423754752,21016.834331717,5758.02757540277,14502.0700941695,176341.145344467,35883.0676175768,-620.264639693234,32533.3885183154,3969.94373895471,31913.1238786221,121379.684130837,29816.7596693772,-6514.76423754751,32533.3885183154,3798.13538860937,26018.6242807678,116127.147906977,83434.0638581996,-620.264639693234,76161.9777020189,7892.35079587398,75541.7130623257,241280.340246892,77367.75591,-6514.76423754751,76161.9777020189,7720.54244552864,69647.2134644714,236027.804023031,35340.2316789885,-620.264639693234,30374.0001821422,5586.49613653954,29753.735542449,170725.617557156,29273.9237307889,-6514.76423754751,30374.0001821422,5414.6877861942,23859.2359445947,165473.081333296
"260",-532.320515024527,-631.636338686347,-44.2984259618679,143.614249623688,-675.934764648215,4415.11299637647,-6593.97531681258,-6521.54570874219,-44.2984259618679,-28.1311821085219,-6565.84413470406,-837.42322748361,27614.7350760433,-631.636338686347,22143.494494057,6102.87692067268,21511.8581553706,186166.719032685,21553.0802742553,-6521.54570874219,22143.494494057,5931.13148894047,15621.9487853148,180914.182808825,37142.972943559,-631.636338686347,33719.9187754482,4054.69050679711,33088.2824367619,124025.757858937,31081.3181417709,-6521.54570874219,33719.9187754482,3882.9450750649,27198.373066706,118773.221635076,85096.7113297838,-631.636338686346,77677.7971354152,8050.55053305497,77046.1607967288,246242.85351479,79035.0565279957,-6521.54570874219,77677.7971354152,7878.80510132276,71156.251426673,240990.31729093,36218.3915928755,-631.636338686347,31117.0883519036,5732.9395796583,30485.4520132172,175452.514740783,30156.7367910875,-6521.54570874219,31117.0883519036,5561.19414792609,24595.5426431614,170199.978516923
"265",-523.281318619673,-620.685487737381,-48.1113586013889,145.51552771909,-668.79684633877,4336.73752212909,-6574.7593892266,-6499.51117954508,-48.1113586013889,-27.1368510801331,-6547.62253814647,-915.798701730993,26901.852686634,-620.685487737381,21323.8114800998,6198.72669427152,20703.1259923624,188543.76981778,20850.374616027,-6499.51117954509,21323.8114800998,6026.0743154723,14824.3003005547,183291.23359392,36740.8106451057,-620.685487737381,33217.7645918769,4143.73154096619,32597.0791041395,125973.828795412,30689.3325744987,-6499.51117954508,33217.7645918769,3971.07916216696,26718.2534123318,120721.292571552,86656.578767513,-620.685487737381,79036.7644159375,8240.49983931286,78416.0789282001,250640.499352441,80605.100696906,-6499.51117954509,79036.7644159375,8067.84746051364,72537.2532363924,245387.963128581,36711.7444848866,-620.685487737379,31510.0950898919,5822.33488273208,30889.4096021546,176890.610545927,30660.2664142797,-6499.51117954508,31510.0950898919,5649.68250393285,25010.5839103468,171638.074322067
"270",-517.444094857783,-619.536491685856,-47.6883984015294,149.780795229603,-667.224890087386,4630.20499702377,-6585.78977124911,-6518.45168399077,-47.6883984015294,-19.6496888568108,-6566.1400823923,-622.331226836308,28349.6186258274,-619.536491685858,22708.8728121514,6260.28230536182,22089.3363204656,194020.674244169,22281.2729494361,-6518.45168399077,22708.8728121514,6090.8518212754,16190.4211281607,188768.138020309,38328.9653046885,-619.536491685858,34798.7410696991,4149.76072667532,34179.2045780132,128564.183879591,32260.6196282972,-6518.45168399077,34798.7410696991,3980.3302425889,28280.2893857083,123311.647655731,88192.4728364685,-619.536491685857,80571.1537843811,8240.85554377323,79951.6172926952,255416.500324094,82124.1271600771,-6518.45168399077,80571.1537843811,8071.42505968681,74052.7021003903,250163.964100234,37365.4233805057,-619.536491685856,32145.2681492614,5839.69172293012,31525.7316575756,180675.308550173,31297.0777041143,-6518.45168399077,32145.2681492614,5670.26123884371,25626.8164652706,175422.772326313
