zipcode,totalcost_low,totalcost_high,systemcost_low,systemcost_high,laborcost_low,laborcost_high,jobsupplycost_low,jobsupplycost_high,price_region
53001,826.21,1847.88,188.96,220.51,376.15,1330.34,261.1,297.02,1
53002,826.21,1847.88,188.96,220.51,376.15,1330.34,261.1,297.02,1
53004,826.21,1847.88,188.96,220.51,376.15,1330.34,261.1,297.02,1
53005,826.21,1847.88,188.96,220.51,376.15,1330.34,261.1,297.02,1
53006,826.21,1847.88,188.96,220.51,376.15,1330.34,261.1,297.02,1
53007,826.21,1847.88,188.96,220.51,376.15,1330.34,261.1,297.02,1
53010,826.21,1847.88,188.96,220.51,376.15,1330.34,261.1,297.02,1
53011,826.21,1847.88,188.96,220.51,376.15,1330.34,261.1,297.02,1
53012,826.21,1847.88,188.96,220.51,376.15,1330.34,261.1,297.02,1
53013,826.21,1847.88,188.96,220.51,376.15,1330.34,261.1,297.02,1
53014,826.21,1847.88,188.96,220.51,376.15,1330.34,261.1,297.02,1
53015,826.21,1847.88,188.96,220.51,376.15,1330.34,261.1,297.02,1
53017,826.21,1847.88,188.96,220.51,376.15,1330.34,261.1,297.02,1
53018,826.21,1847.88,188.96,220.51,376.15,1330.34,261.1,297.02,1
53019,826.21,1847.88,188.96,220.51,376.15,1330.34,261.1,297.02,1
53020,826.21,1847.88,188.96,220.51,376.15,1330.34,261.1,297.02,1
53021,826.21,1847.88,188.96,220.51,376.15,1330.34,261.1,297.02,1
53022,826.21,1847.88,188.96,220.51,376.15,1330.34,261.1,297.02,1
53023,826.21,1847.88,188.96,220.51,376.15,1330.34,261.1,297.02,1
53024,826.21,1847.88,188.96,220.51,376.15,1330.34,261.1,297.02,1
53027,826.21,1847.88,188.96,220.51,376.15,1330.34,261.1,297.02,1
53029,826.21,1847.88,188.96,220.51,376.15,1330.34,261.1,297.02,1
53032,826.21,1847.88,188.96,220.51,376.15,1330.34,261.1,297.02,1
53033,826.21,1847.88,188.96,220.51,376.15,1330.34,261.1,297.02,1
53034,826.21,1847.88,188.96,220.51,376.15,1330.34,261.1,297.02,1
53035,826.21,1847.88,188.96,220.51,376.15,1330.34,261.1,297.02,1
53036,826.21,1847.88,188.96,220.51,376.15,1330.34,261.1,297.02,1
53037,826.21,1847.88,188.96,220.51,376.15,1330.34,261.1,297.02,1
53038,826.21,1847.88,188.96,220.51,376.15,1330.34,261.1,297.02,1
53039,826.21,1847.88,188.96,220.51,376.15,1330.34,261.1,297.02,1
53040,826.21,1847.88,188.96,220.51,376.15,1330.34,261.1,297.02,1
53042,826.21,1847.88,188.96,220.51,376.15,1330.34,261.1,297.02,1
53044,826.21,1847.88,188.96,220.51,376.15,1330.34,261.1,297.02,1
53045,826.21,1847.88,188.96,220.51,376.15,1330.34,261.1,297.02,1
53046,826.21,1847.88,188.96,220.51,376.15,1330.34,261.1,297.02,1
53048,826.21,1847.88,188.96,220.51,376.15,1330.34,261.1,297.02,1
53049,826.21,1847.88,188.96,220.51,376.15,1330.34,261.1,297.02,1
53050,826.21,1847.88,188.96,220.51,376.15,1330.34,261.1,297.02,1
53051,826.21,1847.88,188.96,220.51,376.15,1330.34,261.1,297.02,1
53057,826.21,1847.88,188.96,220.51,376.15,1330.34,261.1,297.02,1
53058,826.21,1847.88,188.96,220.51,376.15,1330.34,261.1,297.02,1
53059,826.21,1847.88,188.96,220.51,376.15,1330.34,261.1,297.02,1
53061,826.21,1847.88,188.96,220.51,376.15,1330.34,261.1,297.02,1
53062,826.21,1847.88,188.96,220.51,376.15,1330.34,261.1,297.02,1
53063,826.21,1847.88,188.96,220.51,376.15,1330.34,261.1,297.02,1
53065,826.21,1847.88,188.96,220.51,376.15,1330.34,261.1,297.02,1
53066,826.21,1847.88,188.96,220.51,376.15,1330.34,261.1,297.02,1
53069,826.21,1847.88,188.96,220.51,376.15,1330.34,261.1,297.02,1
53070,826.21,1847.88,188.96,220.51,376.15,1330.34,261.1,297.02,1
53072,826.21,1847.88,188.96,220.51,376.15,1330.34,261.1,297.02,1
53072,826.21,1847.88,188.96,220.51,376.15,1330.34,261.1,297.02,1
53073,826.21,1847.88,188.96,220.51,376.15,1330.34,261.1,297.02,1
53074,826.21,1847.88,188.96,220.51,376.15,1330.34,261.1,297.02,1
53075,826.21,1847.88,188.96,220.51,376.15,1330.34,261.1,297.02,1
53076,826.21,1847.88,188.96,220.51,376.15,1330.34,261.1,297.02,1
53078,826.21,1847.88,188.96,220.51,376.15,1330.34,261.1,297.02,1
53079,826.21,1847.88,188.96,220.51,376.15,1330.34,261.1,297.02,1
53080,826.21,1847.88,188.96,220.51,376.15,1330.34,261.1,297.02,1
53081,826.21,1847.88,188.96,220.51,376.15,1330.34,261.1,297.02,1
53083,826.21,1847.88,188.96,220.51,376.15,1330.34,261.1,297.02,1
53085,826.21,1847.88,188.96,220.51,376.15,1330.34,261.1,297.02,1
53086,826.21,1847.88,188.96,220.51,376.15,1330.34,261.1,297.02,1
53089,826.21,1847.88,188.96,220.51,376.15,1330.34,261.1,297.02,1
53090,826.21,1847.88,188.96,220.51,376.15,1330.34,261.1,297.02,1
53091,826.21,1847.88,188.96,220.51,376.15,1330.34,261.1,297.02,1
53092,826.21,1847.88,188.96,220.51,376.15,1330.34,261.1,297.02,1
53093,826.21,1847.88,188.96,220.51,376.15,1330.34,261.1,297.02,1
53094,826.21,1847.88,188.96,220.51,376.15,1330.34,261.1,297.02,1
53094,826.21,1847.88,188.96,220.51,376.15,1330.34,261.1,297.02,1
53095,826.21,1847.88,188.96,220.51,376.15,1330.34,261.1,297.02,1
53097,826.21,1847.88,188.96,220.51,376.15,1330.34,261.1,297.02,1
53098,826.21,1847.88,188.96,220.51,376.15,1330.34,261.1,297.02,1
53099,826.21,1847.88,188.96,220.51,376.15,1330.34,261.1,297.02,1
53103,826.21,1847.88,188.96,220.51,376.15,1330.34,261.1,297.02,1
53104,826.21,1847.88,188.96,220.51,376.15,1330.34,261.1,297.02,1
53105,826.21,1847.88,188.96,220.51,376.15,1330.34,261.1,297.02,1
53108,826.21,1847.88,188.96,220.51,376.15,1330.34,261.1,297.02,1
53110,826.21,1847.88,188.96,220.51,376.15,1330.34,261.1,297.02,1
53114,826.21,1847.88,188.96,220.51,376.15,1330.34,261.1,297.02,1
53115,826.21,1847.88,188.96,220.51,376.15,1330.34,261.1,297.02,1
53118,826.21,1847.88,188.96,220.51,376.15,1330.34,261.1,297.02,1
53119,826.21,1847.88,188.96,220.51,376.15,1330.34,261.1,297.02,1
53120,826.21,1847.88,188.96,220.51,376.15,1330.34,261.1,297.02,1
53121,826.21,1847.88,188.96,220.51,376.15,1330.34,261.1,297.02,1
53122,826.21,1847.88,188.96,220.51,376.15,1330.34,261.1,297.02,1
53125,826.21,1847.88,188.96,220.51,376.15,1330.34,261.1,297.02,1
53126,826.21,1847.88,188.96,220.51,376.15,1330.34,261.1,297.02,1
53128,826.21,1847.88,188.96,220.51,376.15,1330.34,261.1,297.02,1
53129,826.21,1847.88,188.96,220.51,376.15,1330.34,261.1,297.02,1
53130,826.21,1847.88,188.96,220.51,376.15,1330.34,261.1,297.02,1
53137,826.21,1847.88,188.96,220.51,376.15,1330.34,261.1,297.02,1
53139,826.21,1847.88,188.96,220.51,376.15,1330.34,261.1,297.02,1
53140,826.21,1847.88,188.96,220.51,376.15,1330.34,261.1,297.02,1
53142,826.21,1847.88,188.96,220.51,376.15,1330.34,261.1,297.02,1
53143,826.21,1847.88,188.96,220.51,376.15,1330.34,261.1,297.02,1
53144,826.21,1847.88,188.96,220.51,376.15,1330.34,261.1,297.02,1
53147,826.21,1847.88,188.96,220.51,376.15,1330.34,261.1,297.02,1
53149,826.21,1847.88,188.96,220.51,376.15,1330.34,261.1,297.02,1
53150,826.21,1847.88,188.96,220.51,376.15,1330.34,261.1,297.02,1
53153,826.21,1847.88,188.96,220.51,376.15,1330.34,261.1,297.02,1
53154,826.21,1847.88,188.96,220.51,376.15,1330.34,261.1,297.02,1
53156,826.21,1847.88,188.96,220.51,376.15,1330.34,261.1,297.02,1
53158,826.21,1847.88,188.96,220.51,376.15,1330.34,261.1,297.02,1
53158,826.21,1847.88,188.96,220.51,376.15,1330.34,261.1,297.02,1
53168,826.21,1847.88,188.96,220.51,376.15,1330.34,261.1,297.02,1
53170,826.21,1847.88,188.96,220.51,376.15,1330.34,261.1,297.02,1
53172,826.21,1847.88,188.96,220.51,376.15,1330.34,261.1,297.02,1
53177,826.21,1847.88,188.96,220.51,376.15,1330.34,261.1,297.02,1
53178,826.21,1847.88,188.96,220.51,376.15,1330.34,261.1,297.02,1
53179,826.21,1847.88,188.96,220.51,376.15,1330.34,261.1,297.02,1
53181,826.21,1847.88,188.96,220.51,376.15,1330.34,261.1,297.02,1
53182,826.21,1847.88,188.96,220.51,376.15,1330.34,261.1,297.02,1
53183,826.21,1847.88,188.96,220.51,376.15,1330.34,261.1,297.02,1
53184,826.21,1847.88,188.96,220.51,376.15,1330.34,261.1,297.02,1
53185,826.21,1847.88,188.96,220.51,376.15,1330.34,261.1,297.02,1
53186,826.21,1847.88,188.96,220.51,376.15,1330.34,261.1,297.02,1
53188,826.21,1847.88,188.96,220.51,376.15,1330.34,261.1,297.02,1
53189,826.21,1847.88,188.96,220.51,376.15,1330.34,261.1,297.02,1
53190,826.21,1847.88,188.96,220.51,376.15,1330.34,261.1,297.02,1
53191,826.21,1847.88,188.96,220.51,376.15,1330.34,261.1,297.02,1
53202,826.21,1847.88,188.96,220.51,376.15,1330.34,261.1,297.02,1
53203,826.21,1847.88,188.96,220.51,376.15,1330.34,261.1,297.02,1
53204,826.21,1847.88,188.96,220.51,376.15,1330.34,261.1,297.02,1
53205,826.21,1847.88,188.96,220.51,376.15,1330.34,261.1,297.02,1
53206,826.21,1847.88,188.96,220.51,376.15,1330.34,261.1,297.02,1
53207,826.21,1847.88,188.96,220.51,376.15,1330.34,261.1,297.02,1
53208,826.21,1847.88,188.96,220.51,376.15,1330.34,261.1,297.02,1
53209,826.21,1847.88,188.96,220.51,376.15,1330.34,261.1,297.02,1
53210,826.21,1847.88,188.96,220.51,376.15,1330.34,261.1,297.02,1
53211,826.21,1847.88,188.96,220.51,376.15,1330.34,261.1,297.02,1
53212,826.21,1847.88,188.96,220.51,376.15,1330.34,261.1,297.02,1
53213,826.21,1847.88,188.96,220.51,376.15,1330.34,261.1,297.02,1
53214,826.21,1847.88,188.96,220.51,376.15,1330.34,261.1,297.02,1
53215,826.21,1847.88,188.96,220.51,376.15,1330.34,261.1,297.02,1
53216,826.21,1847.88,188.96,220.51,376.15,1330.34,261.1,297.02,1
53217,826.21,1847.88,188.96,220.51,376.15,1330.34,261.1,297.02,1
53218,826.21,1847.88,188.96,220.51,376.15,1330.34,261.1,297.02,1
53219,826.21,1847.88,188.96,220.51,376.15,1330.34,261.1,297.02,1
53220,826.21,1847.88,188.96,220.51,376.15,1330.34,261.1,297.02,1
53221,826.21,1847.88,188.96,220.51,376.15,1330.34,261.1,297.02,1
53222,826.21,1847.88,188.96,220.51,376.15,1330.34,261.1,297.02,1
53223,826.21,1847.88,188.96,220.51,376.15,1330.34,261.1,297.02,1
53224,826.21,1847.88,188.96,220.51,376.15,1330.34,261.1,297.02,1
53225,826.21,1847.88,188.96,220.51,376.15,1330.34,261.1,297.02,1
53226,826.21,1847.88,188.96,220.51,376.15,1330.34,261.1,297.02,1
53227,826.21,1847.88,188.96,220.51,376.15,1330.34,261.1,297.02,1
53228,826.21,1847.88,188.96,220.51,376.15,1330.34,261.1,297.02,1
53233,826.21,1847.88,188.96,220.51,376.15,1330.34,261.1,297.02,1
53235,826.21,1847.88,188.96,220.51,376.15,1330.34,261.1,297.02,1
53259,826.21,1847.88,188.96,220.51,376.15,1330.34,261.1,297.02,1
53263,826.21,1847.88,188.96,220.51,376.15,1330.34,261.1,297.02,1
53274,826.21,1847.88,188.96,220.51,376.15,1330.34,261.1,297.02,1
53278,826.21,1847.88,188.96,220.51,376.15,1330.34,261.1,297.02,1
53288,826.21,1847.88,188.96,220.51,376.15,1330.34,261.1,297.02,1
53290,826.21,1847.88,188.96,220.51,376.15,1330.34,261.1,297.02,1
53293,826.21,1847.88,188.96,220.51,376.15,1330.34,261.1,297.02,1
53295,826.21,1847.88,188.96,220.51,376.15,1330.34,261.1,297.02,1
53402,826.21,1847.88,188.96,220.51,376.15,1330.34,261.1,297.02,1
53403,826.21,1847.88,188.96,220.51,376.15,1330.34,261.1,297.02,1
53404,826.21,1847.88,188.96,220.51,376.15,1330.34,261.1,297.02,1
53405,826.21,1847.88,188.96,220.51,376.15,1330.34,261.1,297.02,1
53406,826.21,1847.88,188.96,220.51,376.15,1330.34,261.1,297.02,1
53407,826.21,1847.88,188.96,220.51,376.15,1330.34,261.1,297.02,1
53502,826.21,1847.88,188.96,220.51,376.15,1330.34,261.1,297.02,1
53503,826.21,1847.88,188.96,220.51,376.15,1330.34,261.1,297.02,1
53504,826.21,1847.88,188.96,220.51,376.15,1330.34,261.1,297.02,1
53505,826.21,1847.88,188.96,220.51,376.15,1330.34,261.1,297.02,1
53506,826.21,1847.88,188.96,220.51,376.15,1330.34,261.1,297.02,1
53507,826.21,1847.88,188.96,220.51,376.15,1330.34,261.1,297.02,1
53508,826.21,1847.88,188.96,220.51,376.15,1330.34,261.1,297.02,1
53510,826.21,1847.88,188.96,220.51,376.15,1330.34,261.1,297.02,1
53511,826.21,1847.88,188.96,220.51,376.15,1330.34,261.1,297.02,1
53515,826.21,1847.88,188.96,220.51,376.15,1330.34,261.1,297.02,1
53516,826.21,1847.88,188.96,220.51,376.15,1330.34,261.1,297.02,1
53517,826.21,1847.88,188.96,220.51,376.15,1330.34,261.1,297.02,1
53518,826.21,1847.88,188.96,220.51,376.15,1330.34,261.1,297.02,1
53520,826.21,1847.88,188.96,220.51,376.15,1330.34,261.1,297.02,1
53521,826.21,1847.88,188.96,220.51,376.15,1330.34,261.1,297.02,1
53522,826.21,1847.88,188.96,220.51,376.15,1330.34,261.1,297.02,1
53523,826.21,1847.88,188.96,220.51,376.15,1330.34,261.1,297.02,1
53525,826.21,1847.88,188.96,220.51,376.15,1330.34,261.1,297.02,1
53526,826.21,1847.88,188.96,220.51,376.15,1330.34,261.1,297.02,1
53527,826.21,1847.88,188.96,220.51,376.15,1330.34,261.1,297.02,1
53528,826.21,1847.88,188.96,220.51,376.15,1330.34,261.1,297.02,1
53529,826.21,1847.88,188.96,220.51,376.15,1330.34,261.1,297.02,1
53530,826.21,1847.88,188.96,220.51,376.15,1330.34,261.1,297.02,1
53531,826.21,1847.88,188.96,220.51,376.15,1330.34,261.1,297.02,1
53532,826.21,1847.88,188.96,220.51,376.15,1330.34,261.1,297.02,1
53533,826.21,1847.88,188.96,220.51,376.15,1330.34,261.1,297.02,1
53534,826.21,1847.88,188.96,220.51,376.15,1330.34,261.1,297.02,1
53536,826.21,1847.88,188.96,220.51,376.15,1330.34,261.1,297.02,1
53538,826.21,1847.88,188.96,220.51,376.15,1330.34,261.1,297.02,1
53541,826.21,1847.88,188.96,220.51,376.15,1330.34,261.1,297.02,1
53543,826.21,1847.88,188.96,220.51,376.15,1330.34,261.1,297.02,1
53544,826.21,1847.88,188.96,220.51,376.15,1330.34,261.1,297.02,1
53545,826.21,1847.88,188.96,220.51,376.15,1330.34,261.1,297.02,1
53546,826.21,1847.88,188.96,220.51,376.15,1330.34,261.1,297.02,1
53548,826.21,1847.88,188.96,220.51,376.15,1330.34,261.1,297.02,1
53549,826.21,1847.88,188.96,220.51,376.15,1330.34,261.1,297.02,1
53550,826.21,1847.88,188.96,220.51,376.15,1330.34,261.1,297.02,1
53551,826.21,1847.88,188.96,220.51,376.15,1330.34,261.1,297.02,1
53553,826.21,1847.88,188.96,220.51,376.15,1330.34,261.1,297.02,1
53554,826.21,1847.88,188.96,220.51,376.15,1330.34,261.1,297.02,1
53555,826.21,1847.88,188.96,220.51,376.15,1330.34,261.1,297.02,1
53556,826.21,1847.88,188.96,220.51,376.15,1330.34,261.1,297.02,1
53557,826.21,1847.88,188.96,220.51,376.15,1330.34,261.1,297.02,1
53558,826.21,1847.88,188.96,220.51,376.15,1330.34,261.1,297.02,1
53559,826.21,1847.88,188.96,220.51,376.15,1330.34,261.1,297.02,1
53560,826.21,1847.88,188.96,220.51,376.15,1330.34,261.1,297.02,1
53561,826.21,1847.88,188.96,220.51,376.15,1330.34,261.1,297.02,1
53563,826.21,1847.88,188.96,220.51,376.15,1330.34,261.1,297.02,1
53565,826.21,1847.88,188.96,220.51,376.15,1330.34,261.1,297.02,1
53566,826.21,1847.88,188.96,220.51,376.15,1330.34,261.1,297.02,1
53569,826.21,1847.88,188.96,220.51,376.15,1330.34,261.1,297.02,1
53570,826.21,1847.88,188.96,220.51,376.15,1330.34,261.1,297.02,1
53572,826.21,1847.88,188.96,220.51,376.15,1330.34,261.1,297.02,1
53573,826.21,1847.88,188.96,220.51,376.15,1330.34,261.1,297.02,1
53574,826.21,1847.88,188.96,220.51,376.15,1330.34,261.1,297.02,1
53575,826.21,1847.88,188.96,220.51,376.15,1330.34,261.1,297.02,1
53576,826.21,1847.88,188.96,220.51,376.15,1330.34,261.1,297.02,1
53577,826.21,1847.88,188.96,220.51,376.15,1330.34,261.1,297.02,1
53578,826.21,1847.88,188.96,220.51,376.15,1330.34,261.1,297.02,1
53579,826.21,1847.88,188.96,220.51,376.15,1330.34,261.1,297.02,1
53580,826.21,1847.88,188.96,220.51,376.15,1330.34,261.1,297.02,1
53581,826.21,1847.88,188.96,220.51,376.15,1330.34,261.1,297.02,1
53582,826.21,1847.88,188.96,220.51,376.15,1330.34,261.1,297.02,1
53583,826.21,1847.88,188.96,220.51,376.15,1330.34,261.1,297.02,1
53585,826.21,1847.88,188.96,220.51,376.15,1330.34,261.1,297.02,1
53586,826.21,1847.88,188.96,220.51,376.15,1330.34,261.1,297.02,1
53587,826.21,1847.88,188.96,220.51,376.15,1330.34,261.1,297.02,1
53588,826.21,1847.88,188.96,220.51,376.15,1330.34,261.1,297.02,1
53589,826.21,1847.88,188.96,220.51,376.15,1330.34,261.1,297.02,1
53590,826.21,1847.88,188.96,220.51,376.15,1330.34,261.1,297.02,1
53594,826.21,1847.88,188.96,220.51,376.15,1330.34,261.1,297.02,1
53595,826.21,1847.88,188.96,220.51,376.15,1330.34,261.1,297.02,1
53596,826.21,1847.88,188.96,220.51,376.15,1330.34,261.1,297.02,1
53597,826.21,1847.88,188.96,220.51,376.15,1330.34,261.1,297.02,1
53598,826.21,1847.88,188.96,220.51,376.15,1330.34,261.1,297.02,1
53702,826.21,1847.88,188.96,220.51,376.15,1330.34,261.1,297.02,1
53703,826.21,1847.88,188.96,220.51,376.15,1330.34,261.1,297.02,1
53704,826.21,1847.88,188.96,220.51,376.15,1330.34,261.1,297.02,1
53705,826.21,1847.88,188.96,220.51,376.15,1330.34,261.1,297.02,1
53706,826.21,1847.88,188.96,220.51,376.15,1330.34,261.1,297.02,1
53711,826.21,1847.88,188.96,220.51,376.15,1330.34,261.1,297.02,1
53713,826.21,1847.88,188.96,220.51,376.15,1330.34,261.1,297.02,1
53714,826.21,1847.88,188.96,220.51,376.15,1330.34,261.1,297.02,1
53715,826.21,1847.88,188.96,220.51,376.15,1330.34,261.1,297.02,1
53716,826.21,1847.88,188.96,220.51,376.15,1330.34,261.1,297.02,1
53717,826.21,1847.88,188.96,220.51,376.15,1330.34,261.1,297.02,1
53718,826.21,1847.88,188.96,220.51,376.15,1330.34,261.1,297.02,1
53719,826.21,1847.88,188.96,220.51,376.15,1330.34,261.1,297.02,1
53726,826.21,1847.88,188.96,220.51,376.15,1330.34,261.1,297.02,1
53774,826.21,1847.88,188.96,220.51,376.15,1330.34,261.1,297.02,1
53777,826.21,1847.88,188.96,220.51,376.15,1330.34,261.1,297.02,1
53782,826.21,1847.88,188.96,220.51,376.15,1330.34,261.1,297.02,1
53783,826.21,1847.88,188.96,220.51,376.15,1330.34,261.1,297.02,1
53784,826.21,1847.88,188.96,220.51,376.15,1330.34,261.1,297.02,1
53785,826.21,1847.88,188.96,220.51,376.15,1330.34,261.1,297.02,1
53786,826.21,1847.88,188.96,220.51,376.15,1330.34,261.1,297.02,1
53788,826.21,1847.88,188.96,220.51,376.15,1330.34,261.1,297.02,1
53790,826.21,1847.88,188.96,220.51,376.15,1330.34,261.1,297.02,1
53791,826.21,1847.88,188.96,220.51,376.15,1330.34,261.1,297.02,1
53792,826.21,1847.88,188.96,220.51,376.15,1330.34,261.1,297.02,1
53793,826.21,1847.88,188.96,220.51,376.15,1330.34,261.1,297.02,1
53794,826.21,1847.88,188.96,220.51,376.15,1330.34,261.1,297.02,1
53801,826.21,1847.88,188.96,220.51,376.15,1330.34,261.1,297.02,1
53803,826.21,1847.88,188.96,220.51,376.15,1330.34,261.1,297.02,1
53804,826.21,1847.88,188.96,220.51,376.15,1330.34,261.1,297.02,1
53805,826.21,1847.88,188.96,220.51,376.15,1330.34,261.1,297.02,1
53806,826.21,1847.88,188.96,220.51,376.15,1330.34,261.1,297.02,1
53807,826.21,1847.88,188.96,220.51,376.15,1330.34,261.1,297.02,1
53809,826.21,1847.88,188.96,220.51,376.15,1330.34,261.1,297.02,1
53810,826.21,1847.88,188.96,220.51,376.15,1330.34,261.1,297.02,1
53811,826.21,1847.88,188.96,220.51,376.15,1330.34,261.1,297.02,1
53813,826.21,1847.88,188.96,220.51,376.15,1330.34,261.1,297.02,1
53816,826.21,1847.88,188.96,220.51,376.15,1330.34,261.1,297.02,1
53818,826.21,1847.88,188.96,220.51,376.15,1330.34,261.1,297.02,1
53820,826.21,1847.88,188.96,220.51,376.15,1330.34,261.1,297.02,1
53821,826.21,1847.88,188.96,220.51,376.15,1330.34,261.1,297.02,1
53825,826.21,1847.88,188.96,220.51,376.15,1330.34,261.1,297.02,1
53826,826.21,1847.88,188.96,220.51,376.15,1330.34,261.1,297.02,1
53901,826.21,1847.88,188.96,220.51,376.15,1330.34,261.1,297.02,1
53910,826.21,1847.88,188.96,220.51,376.15,1330.34,261.1,297.02,1
53911,826.21,1847.88,188.96,220.51,376.15,1330.34,261.1,297.02,1
53913,826.21,1847.88,188.96,220.51,376.15,1330.34,261.1,297.02,1
53916,826.21,1847.88,188.96,220.51,376.15,1330.34,261.1,297.02,1
53919,826.21,1847.88,188.96,220.51,376.15,1330.34,261.1,297.02,1
53920,826.21,1847.88,188.96,220.51,376.15,1330.34,261.1,297.02,1
53922,826.21,1847.88,188.96,220.51,376.15,1330.34,261.1,297.02,1
53923,826.21,1847.88,188.96,220.51,376.15,1330.34,261.1,297.02,1
53923,826.21,1847.88,188.96,220.51,376.15,1330.34,261.1,297.02,1
53924,826.21,1847.88,188.96,220.51,376.15,1330.34,261.1,297.02,1
53925,826.21,1847.88,188.96,220.51,376.15,1330.34,261.1,297.02,1
53926,826.21,1847.88,188.96,220.51,376.15,1330.34,261.1,297.02,1
53929,826.21,1847.88,188.96,220.51,376.15,1330.34,261.1,297.02,1
53930,826.21,1847.88,188.96,220.51,376.15,1330.34,261.1,297.02,1
53932,826.21,1847.88,188.96,220.51,376.15,1330.34,261.1,297.02,1
53933,826.21,1847.88,188.96,220.51,376.15,1330.34,261.1,297.02,1
53934,826.21,1847.88,188.96,220.51,376.15,1330.34,261.1,297.02,1
53936,826.21,1847.88,188.96,220.51,376.15,1330.34,261.1,297.02,1
53937,826.21,1847.88,188.96,220.51,376.15,1330.34,261.1,297.02,1
53941,826.21,1847.88,188.96,220.51,376.15,1330.34,261.1,297.02,1
53943,826.21,1847.88,188.96,220.51,376.15,1330.34,261.1,297.02,1
53944,826.21,1847.88,188.96,220.51,376.15,1330.34,261.1,297.02,1
53946,826.21,1847.88,188.96,220.51,376.15,1330.34,261.1,297.02,1
53948,826.21,1847.88,188.96,220.51,376.15,1330.34,261.1,297.02,1
53949,826.21,1847.88,188.96,220.51,376.15,1330.34,261.1,297.02,1
53950,826.21,1847.88,188.96,220.51,376.15,1330.34,261.1,297.02,1
53951,826.21,1847.88,188.96,220.51,376.15,1330.34,261.1,297.02,1
53952,826.21,1847.88,188.96,220.51,376.15,1330.34,261.1,297.02,1
53954,826.21,1847.88,188.96,220.51,376.15,1330.34,261.1,297.02,1
53955,826.21,1847.88,188.96,220.51,376.15,1330.34,261.1,297.02,1
53956,826.21,1847.88,188.96,220.51,376.15,1330.34,261.1,297.02,1
53957,826.21,1847.88,188.96,220.51,376.15,1330.34,261.1,297.02,1
53958,826.21,1847.88,188.96,220.51,376.15,1330.34,261.1,297.02,1
53959,826.21,1847.88,188.96,220.51,376.15,1330.34,261.1,297.02,1
53960,826.21,1847.88,188.96,220.51,376.15,1330.34,261.1,297.02,1
53961,826.21,1847.88,188.96,220.51,376.15,1330.34,261.1,297.02,1
53963,826.21,1847.88,188.96,220.51,376.15,1330.34,261.1,297.02,1
53964,826.21,1847.88,188.96,220.51,376.15,1330.34,261.1,297.02,1
53965,826.21,1847.88,188.96,220.51,376.15,1330.34,261.1,297.02,1
53968,826.21,1847.88,188.96,220.51,376.15,1330.34,261.1,297.02,1
54001,826.21,1847.88,188.96,220.51,376.15,1330.34,261.1,297.02,1
54002,826.21,1847.88,188.96,220.51,376.15,1330.34,261.1,297.02,1
54003,826.21,1847.88,188.96,220.51,376.15,1330.34,261.1,297.02,1
54004,826.21,1847.88,188.96,220.51,376.15,1330.34,261.1,297.02,1
54005,826.21,1847.88,188.96,220.51,376.15,1330.34,261.1,297.02,1
54006,826.21,1847.88,188.96,220.51,376.15,1330.34,261.1,297.02,1
54007,826.21,1847.88,188.96,220.51,376.15,1330.34,261.1,297.02,1
54009,826.21,1847.88,188.96,220.51,376.15,1330.34,261.1,297.02,1
54011,826.21,1847.88,188.96,220.51,376.15,1330.34,261.1,297.02,1
54013,826.21,1847.88,188.96,220.51,376.15,1330.34,261.1,297.02,1
54014,826.21,1847.88,188.96,220.51,376.15,1330.34,261.1,297.02,1
54015,826.21,1847.88,188.96,220.51,376.15,1330.34,261.1,297.02,1
54016,826.21,1847.88,188.96,220.51,376.15,1330.34,261.1,297.02,1
54017,826.21,1847.88,188.96,220.51,376.15,1330.34,261.1,297.02,1
54020,826.21,1847.88,188.96,220.51,376.15,1330.34,261.1,297.02,1
54021,826.21,1847.88,188.96,220.51,376.15,1330.34,261.1,297.02,1
54022,826.21,1847.88,188.96,220.51,376.15,1330.34,261.1,297.02,1
54023,826.21,1847.88,188.96,220.51,376.15,1330.34,261.1,297.02,1
54024,826.21,1847.88,188.96,220.51,376.15,1330.34,261.1,297.02,1
54025,826.21,1847.88,188.96,220.51,376.15,1330.34,261.1,297.02,1
54026,826.21,1847.88,188.96,220.51,376.15,1330.34,261.1,297.02,1
54027,826.21,1847.88,188.96,220.51,376.15,1330.34,261.1,297.02,1
54028,826.21,1847.88,188.96,220.51,376.15,1330.34,261.1,297.02,1
54101,826.21,1847.88,188.96,220.51,376.15,1330.34,261.1,297.02,1
54102,826.21,1847.88,188.96,220.51,376.15,1330.34,261.1,297.02,1
54103,826.21,1847.88,188.96,220.51,376.15,1330.34,261.1,297.02,1
54104,826.21,1847.88,188.96,220.51,376.15,1330.34,261.1,297.02,1
54106,826.21,1847.88,188.96,220.51,376.15,1330.34,261.1,297.02,1
54107,826.21,1847.88,188.96,220.51,376.15,1330.34,261.1,297.02,1
54110,826.21,1847.88,188.96,220.51,376.15,1330.34,261.1,297.02,1
54111,826.21,1847.88,188.96,220.51,376.15,1330.34,261.1,297.02,1
54112,826.21,1847.88,188.96,220.51,376.15,1330.34,261.1,297.02,1
54113,826.21,1847.88,188.96,220.51,376.15,1330.34,261.1,297.02,1
54114,826.21,1847.88,188.96,220.51,376.15,1330.34,261.1,297.02,1
54115,826.21,1847.88,188.96,220.51,376.15,1330.34,261.1,297.02,1
54119,826.21,1847.88,188.96,220.51,376.15,1330.34,261.1,297.02,1
54120,826.21,1847.88,188.96,220.51,376.15,1330.34,261.1,297.02,1
54121,826.21,1847.88,188.96,220.51,376.15,1330.34,261.1,297.02,1
54123,826.21,1847.88,188.96,220.51,376.15,1330.34,261.1,297.02,1
54124,826.21,1847.88,188.96,220.51,376.15,1330.34,261.1,297.02,1
54125,826.21,1847.88,188.96,220.51,376.15,1330.34,261.1,297.02,1
54126,826.21,1847.88,188.96,220.51,376.15,1330.34,261.1,297.02,1
54128,826.21,1847.88,188.96,220.51,376.15,1330.34,261.1,297.02,1
54129,826.21,1847.88,188.96,220.51,376.15,1330.34,261.1,297.02,1
54130,826.21,1847.88,188.96,220.51,376.15,1330.34,261.1,297.02,1
54135,826.21,1847.88,188.96,220.51,376.15,1330.34,261.1,297.02,1
54136,826.21,1847.88,188.96,220.51,376.15,1330.34,261.1,297.02,1
54137,826.21,1847.88,188.96,220.51,376.15,1330.34,261.1,297.02,1
54138,826.21,1847.88,188.96,220.51,376.15,1330.34,261.1,297.02,1
54139,826.21,1847.88,188.96,220.51,376.15,1330.34,261.1,297.02,1
54140,826.21,1847.88,188.96,220.51,376.15,1330.34,261.1,297.02,1
54141,826.21,1847.88,188.96,220.51,376.15,1330.34,261.1,297.02,1
54143,826.21,1847.88,188.96,220.51,376.15,1330.34,261.1,297.02,1
54149,826.21,1847.88,188.96,220.51,376.15,1330.34,261.1,297.02,1
54150,826.21,1847.88,188.96,220.51,376.15,1330.34,261.1,297.02,1
54151,826.21,1847.88,188.96,220.51,376.15,1330.34,261.1,297.02,1
54153,826.21,1847.88,188.96,220.51,376.15,1330.34,261.1,297.02,1
54154,826.21,1847.88,188.96,220.51,376.15,1330.34,261.1,297.02,1
54155,826.21,1847.88,188.96,220.51,376.15,1330.34,261.1,297.02,1
54156,826.21,1847.88,188.96,220.51,376.15,1330.34,261.1,297.02,1
54157,826.21,1847.88,188.96,220.51,376.15,1330.34,261.1,297.02,1
54159,826.21,1847.88,188.96,220.51,376.15,1330.34,261.1,297.02,1
54161,826.21,1847.88,188.96,220.51,376.15,1330.34,261.1,297.02,1
54162,826.21,1847.88,188.96,220.51,376.15,1330.34,261.1,297.02,1
54165,826.21,1847.88,188.96,220.51,376.15,1330.34,261.1,297.02,1
54166,826.21,1847.88,188.96,220.51,376.15,1330.34,261.1,297.02,1
54169,826.21,1847.88,188.96,220.51,376.15,1330.34,261.1,297.02,1
54170,826.21,1847.88,188.96,220.51,376.15,1330.34,261.1,297.02,1
54171,826.21,1847.88,188.96,220.51,376.15,1330.34,261.1,297.02,1
54173,826.21,1847.88,188.96,220.51,376.15,1330.34,261.1,297.02,1
54174,826.21,1847.88,188.96,220.51,376.15,1330.34,261.1,297.02,1
54175,826.21,1847.88,188.96,220.51,376.15,1330.34,261.1,297.02,1
54177,826.21,1847.88,188.96,220.51,376.15,1330.34,261.1,297.02,1
54180,826.21,1847.88,188.96,220.51,376.15,1330.34,261.1,297.02,1
54201,826.21,1847.88,188.96,220.51,376.15,1330.34,261.1,297.02,1
54202,826.21,1847.88,188.96,220.51,376.15,1330.34,261.1,297.02,1
54204,826.21,1847.88,188.96,220.51,376.15,1330.34,261.1,297.02,1
54205,826.21,1847.88,188.96,220.51,376.15,1330.34,261.1,297.02,1
54208,826.21,1847.88,188.96,220.51,376.15,1330.34,261.1,297.02,1
54209,826.21,1847.88,188.96,220.51,376.15,1330.34,261.1,297.02,1
54210,826.21,1847.88,188.96,220.51,376.15,1330.34,261.1,297.02,1
54212,826.21,1847.88,188.96,220.51,376.15,1330.34,261.1,297.02,1
54213,826.21,1847.88,188.96,220.51,376.15,1330.34,261.1,297.02,1
54216,826.21,1847.88,188.96,220.51,376.15,1330.34,261.1,297.02,1
54217,826.21,1847.88,188.96,220.51,376.15,1330.34,261.1,297.02,1
54220,826.21,1847.88,188.96,220.51,376.15,1330.34,261.1,297.02,1
54227,826.21,1847.88,188.96,220.51,376.15,1330.34,261.1,297.02,1
54228,826.21,1847.88,188.96,220.51,376.15,1330.34,261.1,297.02,1
54229,826.21,1847.88,188.96,220.51,376.15,1330.34,261.1,297.02,1
54229,826.21,1847.88,188.96,220.51,376.15,1330.34,261.1,297.02,1
54230,826.21,1847.88,188.96,220.51,376.15,1330.34,261.1,297.02,1
54234,826.21,1847.88,188.96,220.51,376.15,1330.34,261.1,297.02,1
54235,826.21,1847.88,188.96,220.51,376.15,1330.34,261.1,297.02,1
54235,826.21,1847.88,188.96,220.51,376.15,1330.34,261.1,297.02,1
54241,826.21,1847.88,188.96,220.51,376.15,1330.34,261.1,297.02,1
54245,826.21,1847.88,188.96,220.51,376.15,1330.34,261.1,297.02,1
54246,826.21,1847.88,188.96,220.51,376.15,1330.34,261.1,297.02,1
54247,826.21,1847.88,188.96,220.51,376.15,1330.34,261.1,297.02,1
54301,813.29,1802.18,188.96,220.51,363.23,1284.64,261.1,297.02,2
54302,813.29,1802.18,188.96,220.51,363.23,1284.64,261.1,297.02,2
54303,813.29,1802.18,188.96,220.51,363.23,1284.64,261.1,297.02,2
54304,813.29,1802.18,188.96,220.51,363.23,1284.64,261.1,297.02,2
54311,813.29,1802.18,188.96,220.51,363.23,1284.64,261.1,297.02,2
54313,813.29,1802.18,188.96,220.51,363.23,1284.64,261.1,297.02,2
54313,813.29,1802.18,188.96,220.51,363.23,1284.64,261.1,297.02,2
54344,813.29,1802.18,188.96,220.51,363.23,1284.64,261.1,297.02,2
54401,813.29,1802.18,188.96,220.51,363.23,1284.64,261.1,297.02,2
54403,813.29,1802.18,188.96,220.51,363.23,1284.64,261.1,297.02,2
54404,813.29,1802.18,188.96,220.51,363.23,1284.64,261.1,297.02,2
54405,813.29,1802.18,188.96,220.51,363.23,1284.64,261.1,297.02,2
54406,813.29,1802.18,188.96,220.51,363.23,1284.64,261.1,297.02,2
54407,813.29,1802.18,188.96,220.51,363.23,1284.64,261.1,297.02,2
54408,813.29,1802.18,188.96,220.51,363.23,1284.64,261.1,297.02,2
54409,813.29,1802.18,188.96,220.51,363.23,1284.64,261.1,297.02,2
54410,813.29,1802.18,188.96,220.51,363.23,1284.64,261.1,297.02,2
54411,813.29,1802.18,188.96,220.51,363.23,1284.64,261.1,297.02,2
54412,813.29,1802.18,188.96,220.51,363.23,1284.64,261.1,297.02,2
54414,813.29,1802.18,188.96,220.51,363.23,1284.64,261.1,297.02,2
54416,813.29,1802.18,188.96,220.51,363.23,1284.64,261.1,297.02,2
54420,813.29,1802.18,188.96,220.51,363.23,1284.64,261.1,297.02,2
54421,813.29,1802.18,188.96,220.51,363.23,1284.64,261.1,297.02,2
54422,813.29,1802.18,188.96,220.51,363.23,1284.64,261.1,297.02,2
54423,813.29,1802.18,188.96,220.51,363.23,1284.64,261.1,297.02,2
54424,813.29,1802.18,188.96,220.51,363.23,1284.64,261.1,297.02,2
54425,813.29,1802.18,188.96,220.51,363.23,1284.64,261.1,297.02,2
54426,813.29,1802.18,188.96,220.51,363.23,1284.64,261.1,297.02,2
54427,813.29,1802.18,188.96,220.51,363.23,1284.64,261.1,297.02,2
54428,813.29,1802.18,188.96,220.51,363.23,1284.64,261.1,297.02,2
54433,813.29,1802.18,188.96,220.51,363.23,1284.64,261.1,297.02,2
54435,813.29,1802.18,188.96,220.51,363.23,1284.64,261.1,297.02,2
54436,813.29,1802.18,188.96,220.51,363.23,1284.64,261.1,297.02,2
54437,813.29,1802.18,188.96,220.51,363.23,1284.64,261.1,297.02,2
54440,813.29,1802.18,188.96,220.51,363.23,1284.64,261.1,297.02,2
54442,813.29,1802.18,188.96,220.51,363.23,1284.64,261.1,297.02,2
54443,813.29,1802.18,188.96,220.51,363.23,1284.64,261.1,297.02,2
54446,813.29,1802.18,188.96,220.51,363.23,1284.64,261.1,297.02,2
54447,813.29,1802.18,188.96,220.51,363.23,1284.64,261.1,297.02,2
54448,813.29,1802.18,188.96,220.51,363.23,1284.64,261.1,297.02,2
54449,813.29,1802.18,188.96,220.51,363.23,1284.64,261.1,297.02,2
54451,813.29,1802.18,188.96,220.51,363.23,1284.64,261.1,297.02,2
54452,813.29,1802.18,188.96,220.51,363.23,1284.64,261.1,297.02,2
54454,813.29,1802.18,188.96,220.51,363.23,1284.64,261.1,297.02,2
54455,813.29,1802.18,188.96,220.51,363.23,1284.64,261.1,297.02,2
54456,813.29,1802.18,188.96,220.51,363.23,1284.64,261.1,297.02,2
54457,813.29,1802.18,188.96,220.51,363.23,1284.64,261.1,297.02,2
54459,813.29,1802.18,188.96,220.51,363.23,1284.64,261.1,297.02,2
54460,813.29,1802.18,188.96,220.51,363.23,1284.64,261.1,297.02,2
54463,813.29,1802.18,188.96,220.51,363.23,1284.64,261.1,297.02,2
54465,813.29,1802.18,188.96,220.51,363.23,1284.64,261.1,297.02,2
54466,813.29,1802.18,188.96,220.51,363.23,1284.64,261.1,297.02,2
54467,813.29,1802.18,188.96,220.51,363.23,1284.64,261.1,297.02,2
54469,813.29,1802.18,188.96,220.51,363.23,1284.64,261.1,297.02,2
54470,813.29,1802.18,188.96,220.51,363.23,1284.64,261.1,297.02,2
54471,813.29,1802.18,188.96,220.51,363.23,1284.64,261.1,297.02,2
54473,813.29,1802.18,188.96,220.51,363.23,1284.64,261.1,297.02,2
54474,813.29,1802.18,188.96,220.51,363.23,1284.64,261.1,297.02,2
54475,813.29,1802.18,188.96,220.51,363.23,1284.64,261.1,297.02,2
54476,813.29,1802.18,188.96,220.51,363.23,1284.64,261.1,297.02,2
54479,813.29,1802.18,188.96,220.51,363.23,1284.64,261.1,297.02,2
54480,813.29,1802.18,188.96,220.51,363.23,1284.64,261.1,297.02,2
54481,813.29,1802.18,188.96,220.51,363.23,1284.64,261.1,297.02,2
54482,813.29,1802.18,188.96,220.51,363.23,1284.64,261.1,297.02,2
54484,813.29,1802.18,188.96,220.51,363.23,1284.64,261.1,297.02,2
54485,813.29,1802.18,188.96,220.51,363.23,1284.64,261.1,297.02,2
54486,813.29,1802.18,188.96,220.51,363.23,1284.64,261.1,297.02,2
54487,813.29,1802.18,188.96,220.51,363.23,1284.64,261.1,297.02,2
54488,813.29,1802.18,188.96,220.51,363.23,1284.64,261.1,297.02,2
54489,813.29,1802.18,188.96,220.51,363.23,1284.64,261.1,297.02,2
54490,813.29,1802.18,188.96,220.51,363.23,1284.64,261.1,297.02,2
54491,813.29,1802.18,188.96,220.51,363.23,1284.64,261.1,297.02,2
54492,813.29,1802.18,188.96,220.51,363.23,1284.64,261.1,297.02,2
54493,813.29,1802.18,188.96,220.51,363.23,1284.64,261.1,297.02,2
54494,813.29,1802.18,188.96,220.51,363.23,1284.64,261.1,297.02,2
54495,813.29,1802.18,188.96,220.51,363.23,1284.64,261.1,297.02,2
54498,813.29,1802.18,188.96,220.51,363.23,1284.64,261.1,297.02,2
54499,813.29,1802.18,188.96,220.51,363.23,1284.64,261.1,297.02,2
54501,813.29,1802.18,188.96,220.51,363.23,1284.64,261.1,297.02,2
54511,813.29,1802.18,188.96,220.51,363.23,1284.64,261.1,297.02,2
54512,813.29,1802.18,188.96,220.51,363.23,1284.64,261.1,297.02,2
54513,813.29,1802.18,188.96,220.51,363.23,1284.64,261.1,297.02,2
54514,813.29,1802.18,188.96,220.51,363.23,1284.64,261.1,297.02,2
54515,813.29,1802.18,188.96,220.51,363.23,1284.64,261.1,297.02,2
54517,813.29,1802.18,188.96,220.51,363.23,1284.64,261.1,297.02,2
54519,813.29,1802.18,188.96,220.51,363.23,1284.64,261.1,297.02,2
54520,813.29,1802.18,188.96,220.51,363.23,1284.64,261.1,297.02,2
54521,813.29,1802.18,188.96,220.51,363.23,1284.64,261.1,297.02,2
54524,813.29,1802.18,188.96,220.51,363.23,1284.64,261.1,297.02,2
54526,813.29,1802.18,188.96,220.51,363.23,1284.64,261.1,297.02,2
54527,813.29,1802.18,188.96,220.51,363.23,1284.64,261.1,297.02,2
54529,813.29,1802.18,188.96,220.51,363.23,1284.64,261.1,297.02,2
54530,813.29,1802.18,188.96,220.51,363.23,1284.64,261.1,297.02,2
54531,813.29,1802.18,188.96,220.51,363.23,1284.64,261.1,297.02,2
54534,813.29,1802.18,188.96,220.51,363.23,1284.64,261.1,297.02,2
54537,813.29,1802.18,188.96,220.51,363.23,1284.64,261.1,297.02,2
54538,813.29,1802.18,188.96,220.51,363.23,1284.64,261.1,297.02,2
54539,813.29,1802.18,188.96,220.51,363.23,1284.64,261.1,297.02,2
54540,813.29,1802.18,188.96,220.51,363.23,1284.64,261.1,297.02,2
54541,813.29,1802.18,188.96,220.51,363.23,1284.64,261.1,297.02,2
54542,813.29,1802.18,188.96,220.51,363.23,1284.64,261.1,297.02,2
54545,813.29,1802.18,188.96,220.51,363.23,1284.64,261.1,297.02,2
54546,813.29,1802.18,188.96,220.51,363.23,1284.64,261.1,297.02,2
54547,813.29,1802.18,188.96,220.51,363.23,1284.64,261.1,297.02,2
54548,813.29,1802.18,188.96,220.51,363.23,1284.64,261.1,297.02,2
54550,813.29,1802.18,188.96,220.51,363.23,1284.64,261.1,297.02,2
54552,813.29,1802.18,188.96,220.51,363.23,1284.64,261.1,297.02,2
54554,813.29,1802.18,188.96,220.51,363.23,1284.64,261.1,297.02,2
54555,813.29,1802.18,188.96,220.51,363.23,1284.64,261.1,297.02,2
54556,813.29,1802.18,188.96,220.51,363.23,1284.64,261.1,297.02,2
54557,813.29,1802.18,188.96,220.51,363.23,1284.64,261.1,297.02,2
54558,813.29,1802.18,188.96,220.51,363.23,1284.64,261.1,297.02,2
54559,813.29,1802.18,188.96,220.51,363.23,1284.64,261.1,297.02,2
54560,813.29,1802.18,188.96,220.51,363.23,1284.64,261.1,297.02,2
54562,813.29,1802.18,188.96,220.51,363.23,1284.64,261.1,297.02,2
54563,813.29,1802.18,188.96,220.51,363.23,1284.64,261.1,297.02,2
54564,813.29,1802.18,188.96,220.51,363.23,1284.64,261.1,297.02,2
54566,813.29,1802.18,188.96,220.51,363.23,1284.64,261.1,297.02,2
54568,813.29,1802.18,188.96,220.51,363.23,1284.64,261.1,297.02,2
54601,829.8,1860.57,188.96,220.51,379.74,1343.04,261.1,297.02,3
54603,829.8,1860.57,188.96,220.51,379.74,1343.04,261.1,297.02,3
54610,829.8,1860.57,188.96,220.51,379.74,1343.04,261.1,297.02,3
54611,829.8,1860.57,188.96,220.51,379.74,1343.04,261.1,297.02,3
54612,829.8,1860.57,188.96,220.51,379.74,1343.04,261.1,297.02,3
54613,829.8,1860.57,188.96,220.51,379.74,1343.04,261.1,297.02,3
54614,829.8,1860.57,188.96,220.51,379.74,1343.04,261.1,297.02,3
54615,829.8,1860.57,188.96,220.51,379.74,1343.04,261.1,297.02,3
54616,829.8,1860.57,188.96,220.51,379.74,1343.04,261.1,297.02,3
54618,829.8,1860.57,188.96,220.51,379.74,1343.04,261.1,297.02,3
54619,829.8,1860.57,188.96,220.51,379.74,1343.04,261.1,297.02,3
54621,829.8,1860.57,188.96,220.51,379.74,1343.04,261.1,297.02,3
54622,829.8,1860.57,188.96,220.51,379.74,1343.04,261.1,297.02,3
54623,829.8,1860.57,188.96,220.51,379.74,1343.04,261.1,297.02,3
54624,829.8,1860.57,188.96,220.51,379.74,1343.04,261.1,297.02,3
54625,829.8,1860.57,188.96,220.51,379.74,1343.04,261.1,297.02,3
54626,829.8,1860.57,188.96,220.51,379.74,1343.04,261.1,297.02,3
54627,829.8,1860.57,188.96,220.51,379.74,1343.04,261.1,297.02,3
54628,829.8,1860.57,188.96,220.51,379.74,1343.04,261.1,297.02,3
54629,829.8,1860.57,188.96,220.51,379.74,1343.04,261.1,297.02,3
54630,829.8,1860.57,188.96,220.51,379.74,1343.04,261.1,297.02,3
54631,829.8,1860.57,188.96,220.51,379.74,1343.04,261.1,297.02,3
54632,829.8,1860.57,188.96,220.51,379.74,1343.04,261.1,297.02,3
54634,829.8,1860.57,188.96,220.51,379.74,1343.04,261.1,297.02,3
54635,829.8,1860.57,188.96,220.51,379.74,1343.04,261.1,297.02,3
54636,829.8,1860.57,188.96,220.51,379.74,1343.04,261.1,297.02,3
54638,829.8,1860.57,188.96,220.51,379.74,1343.04,261.1,297.02,3
54639,829.8,1860.57,188.96,220.51,379.74,1343.04,261.1,297.02,3
54642,829.8,1860.57,188.96,220.51,379.74,1343.04,261.1,297.02,3
54644,829.8,1860.57,188.96,220.51,379.74,1343.04,261.1,297.02,3
54646,829.8,1860.57,188.96,220.51,379.74,1343.04,261.1,297.02,3
54648,829.8,1860.57,188.96,220.51,379.74,1343.04,261.1,297.02,3
54650,829.8,1860.57,188.96,220.51,379.74,1343.04,261.1,297.02,3
54651,829.8,1860.57,188.96,220.51,379.74,1343.04,261.1,297.02,3
54652,829.8,1860.57,188.96,220.51,379.74,1343.04,261.1,297.02,3
54653,829.8,1860.57,188.96,220.51,379.74,1343.04,261.1,297.02,3
54655,829.8,1860.57,188.96,220.51,379.74,1343.04,261.1,297.02,3
54656,829.8,1860.57,188.96,220.51,379.74,1343.04,261.1,297.02,3
54658,829.8,1860.57,188.96,220.51,379.74,1343.04,261.1,297.02,3
54659,829.8,1860.57,188.96,220.51,379.74,1343.04,261.1,297.02,3
54660,829.8,1860.57,188.96,220.51,379.74,1343.04,261.1,297.02,3
54661,829.8,1860.57,188.96,220.51,379.74,1343.04,261.1,297.02,3
54664,829.8,1860.57,188.96,220.51,379.74,1343.04,261.1,297.02,3
54665,829.8,1860.57,188.96,220.51,379.74,1343.04,261.1,297.02,3
54666,829.8,1860.57,188.96,220.51,379.74,1343.04,261.1,297.02,3
54667,829.8,1860.57,188.96,220.51,379.74,1343.04,261.1,297.02,3
54669,829.8,1860.57,188.96,220.51,379.74,1343.04,261.1,297.02,3
54670,829.8,1860.57,188.96,220.51,379.74,1343.04,261.1,297.02,3
54701,829.8,1860.57,188.96,220.51,379.74,1343.04,261.1,297.02,3
54703,829.8,1860.57,188.96,220.51,379.74,1343.04,261.1,297.02,3
54720,829.8,1860.57,188.96,220.51,379.74,1343.04,261.1,297.02,3
54721,829.8,1860.57,188.96,220.51,379.74,1343.04,261.1,297.02,3
54722,829.8,1860.57,188.96,220.51,379.74,1343.04,261.1,297.02,3
54723,829.8,1860.57,188.96,220.51,379.74,1343.04,261.1,297.02,3
54724,829.8,1860.57,188.96,220.51,379.74,1343.04,261.1,297.02,3
54725,829.8,1860.57,188.96,220.51,379.74,1343.04,261.1,297.02,3
54726,829.8,1860.57,188.96,220.51,379.74,1343.04,261.1,297.02,3
54727,829.8,1860.57,188.96,220.51,379.74,1343.04,261.1,297.02,3
54728,829.8,1860.57,188.96,220.51,379.74,1343.04,261.1,297.02,3
54729,829.8,1860.57,188.96,220.51,379.74,1343.04,261.1,297.02,3
54730,829.8,1860.57,188.96,220.51,379.74,1343.04,261.1,297.02,3
54731,829.8,1860.57,188.96,220.51,379.74,1343.04,261.1,297.02,3
54732,829.8,1860.57,188.96,220.51,379.74,1343.04,261.1,297.02,3
54733,829.8,1860.57,188.96,220.51,379.74,1343.04,261.1,297.02,3
54736,829.8,1860.57,188.96,220.51,379.74,1343.04,261.1,297.02,3
54737,829.8,1860.57,188.96,220.51,379.74,1343.04,261.1,297.02,3
54738,829.8,1860.57,188.96,220.51,379.74,1343.04,261.1,297.02,3
54739,829.8,1860.57,188.96,220.51,379.74,1343.04,261.1,297.02,3
54740,829.8,1860.57,188.96,220.51,379.74,1343.04,261.1,297.02,3
54741,829.8,1860.57,188.96,220.51,379.74,1343.04,261.1,297.02,3
54742,829.8,1860.57,188.96,220.51,379.74,1343.04,261.1,297.02,3
54745,829.8,1860.57,188.96,220.51,379.74,1343.04,261.1,297.02,3
54746,829.8,1860.57,188.96,220.51,379.74,1343.04,261.1,297.02,3
54747,829.8,1860.57,188.96,220.51,379.74,1343.04,261.1,297.02,3
54748,829.8,1860.57,188.96,220.51,379.74,1343.04,261.1,297.02,3
54749,829.8,1860.57,188.96,220.51,379.74,1343.04,261.1,297.02,3
54750,829.8,1860.57,188.96,220.51,379.74,1343.04,261.1,297.02,3
54751,829.8,1860.57,188.96,220.51,379.74,1343.04,261.1,297.02,3
54754,829.8,1860.57,188.96,220.51,379.74,1343.04,261.1,297.02,3
54755,829.8,1860.57,188.96,220.51,379.74,1343.04,261.1,297.02,3
54756,829.8,1860.57,188.96,220.51,379.74,1343.04,261.1,297.02,3
54757,829.8,1860.57,188.96,220.51,379.74,1343.04,261.1,297.02,3
54758,829.8,1860.57,188.96,220.51,379.74,1343.04,261.1,297.02,3
54761,829.8,1860.57,188.96,220.51,379.74,1343.04,261.1,297.02,3
54762,829.8,1860.57,188.96,220.51,379.74,1343.04,261.1,297.02,3
54763,829.8,1860.57,188.96,220.51,379.74,1343.04,261.1,297.02,3
54766,829.8,1860.57,188.96,220.51,379.74,1343.04,261.1,297.02,3
54767,829.8,1860.57,188.96,220.51,379.74,1343.04,261.1,297.02,3
54768,829.8,1860.57,188.96,220.51,379.74,1343.04,261.1,297.02,3
54769,829.8,1860.57,188.96,220.51,379.74,1343.04,261.1,297.02,3
54770,829.8,1860.57,188.96,220.51,379.74,1343.04,261.1,297.02,3
54771,829.8,1860.57,188.96,220.51,379.74,1343.04,261.1,297.02,3
54772,829.8,1860.57,188.96,220.51,379.74,1343.04,261.1,297.02,3
54773,829.8,1860.57,188.96,220.51,379.74,1343.04,261.1,297.02,3
54774,829.8,1860.57,188.96,220.51,379.74,1343.04,261.1,297.02,3
54801,829.8,1860.57,188.96,220.51,379.74,1343.04,261.1,297.02,3
54805,829.8,1860.57,188.96,220.51,379.74,1343.04,261.1,297.02,3
54806,829.8,1860.57,188.96,220.51,379.74,1343.04,261.1,297.02,3
54810,829.8,1860.57,188.96,220.51,379.74,1343.04,261.1,297.02,3
54812,829.8,1860.57,188.96,220.51,379.74,1343.04,261.1,297.02,3
54813,829.8,1860.57,188.96,220.51,379.74,1343.04,261.1,297.02,3
54814,829.8,1860.57,188.96,220.51,379.74,1343.04,261.1,297.02,3
54817,829.8,1860.57,188.96,220.51,379.74,1343.04,261.1,297.02,3
54819,829.8,1860.57,188.96,220.51,379.74,1343.04,261.1,297.02,3
54820,829.8,1860.57,188.96,220.51,379.74,1343.04,261.1,297.02,3
54821,829.8,1860.57,188.96,220.51,379.74,1343.04,261.1,297.02,3
54822,829.8,1860.57,188.96,220.51,379.74,1343.04,261.1,297.02,3
54824,829.8,1860.57,188.96,220.51,379.74,1343.04,261.1,297.02,3
54826,829.8,1860.57,188.96,220.51,379.74,1343.04,261.1,297.02,3
54827,829.8,1860.57,188.96,220.51,379.74,1343.04,261.1,297.02,3
54828,829.8,1860.57,188.96,220.51,379.74,1343.04,261.1,297.02,3
54829,829.8,1860.57,188.96,220.51,379.74,1343.04,261.1,297.02,3
54830,829.8,1860.57,188.96,220.51,379.74,1343.04,261.1,297.02,3
54832,829.8,1860.57,188.96,220.51,379.74,1343.04,261.1,297.02,3
54835,829.8,1860.57,188.96,220.51,379.74,1343.04,261.1,297.02,3
54837,829.8,1860.57,188.96,220.51,379.74,1343.04,261.1,297.02,3
54838,829.8,1860.57,188.96,220.51,379.74,1343.04,261.1,297.02,3
54839,829.8,1860.57,188.96,220.51,379.74,1343.04,261.1,297.02,3
54840,829.8,1860.57,188.96,220.51,379.74,1343.04,261.1,297.02,3
54841,829.8,1860.57,188.96,220.51,379.74,1343.04,261.1,297.02,3
54843,829.8,1860.57,188.96,220.51,379.74,1343.04,261.1,297.02,3
54844,829.8,1860.57,188.96,220.51,379.74,1343.04,261.1,297.02,3
54846,829.8,1860.57,188.96,220.51,379.74,1343.04,261.1,297.02,3
54847,829.8,1860.57,188.96,220.51,379.74,1343.04,261.1,297.02,3
54848,829.8,1860.57,188.96,220.51,379.74,1343.04,261.1,297.02,3
54849,829.8,1860.57,188.96,220.51,379.74,1343.04,261.1,297.02,3
54853,829.8,1860.57,188.96,220.51,379.74,1343.04,261.1,297.02,3
54854,829.8,1860.57,188.96,220.51,379.74,1343.04,261.1,297.02,3
54856,829.8,1860.57,188.96,220.51,379.74,1343.04,261.1,297.02,3
54858,829.8,1860.57,188.96,220.51,379.74,1343.04,261.1,297.02,3
54859,829.8,1860.57,188.96,220.51,379.74,1343.04,261.1,297.02,3
54864,829.8,1860.57,188.96,220.51,379.74,1343.04,261.1,297.02,3
54865,829.8,1860.57,188.96,220.51,379.74,1343.04,261.1,297.02,3
54867,829.8,1860.57,188.96,220.51,379.74,1343.04,261.1,297.02,3
54868,829.8,1860.57,188.96,220.51,379.74,1343.04,261.1,297.02,3
54870,829.8,1860.57,188.96,220.51,379.74,1343.04,261.1,297.02,3
54871,829.8,1860.57,188.96,220.51,379.74,1343.04,261.1,297.02,3
54872,829.8,1860.57,188.96,220.51,379.74,1343.04,261.1,297.02,3
54873,829.8,1860.57,188.96,220.51,379.74,1343.04,261.1,297.02,3
54874,829.8,1860.57,188.96,220.51,379.74,1343.04,261.1,297.02,3
54875,829.8,1860.57,188.96,220.51,379.74,1343.04,261.1,297.02,3
54876,829.8,1860.57,188.96,220.51,379.74,1343.04,261.1,297.02,3
54880,829.8,1860.57,188.96,220.51,379.74,1343.04,261.1,297.02,3
54888,829.8,1860.57,188.96,220.51,379.74,1343.04,261.1,297.02,3
54889,829.8,1860.57,188.96,220.51,379.74,1343.04,261.1,297.02,3
54891,829.8,1860.57,188.96,220.51,379.74,1343.04,261.1,297.02,3
54893,829.8,1860.57,188.96,220.51,379.74,1343.04,261.1,297.02,3
54895,829.8,1860.57,188.96,220.51,379.74,1343.04,261.1,297.02,3
54896,829.8,1860.57,188.96,220.51,379.74,1343.04,261.1,297.02,3
54901,813.29,1802.18,188.96,220.51,363.23,1284.64,261.1,297.02,2
54902,813.29,1802.18,188.96,220.51,363.23,1284.64,261.1,297.02,2
54904,813.29,1802.18,188.96,220.51,363.23,1284.64,261.1,297.02,2
54906,813.29,1802.18,188.96,220.51,363.23,1284.64,261.1,297.02,2
54909,813.29,1802.18,188.96,220.51,363.23,1284.64,261.1,297.02,2
54911,813.29,1802.18,188.96,220.51,363.23,1284.64,261.1,297.02,2
54911,813.29,1802.18,188.96,220.51,363.23,1284.64,261.1,297.02,2
54913,813.29,1802.18,188.96,220.51,363.23,1284.64,261.1,297.02,2
54914,813.29,1802.18,188.96,220.51,363.23,1284.64,261.1,297.02,2
54915,813.29,1802.18,188.96,220.51,363.23,1284.64,261.1,297.02,2
54919,813.29,1802.18,188.96,220.51,363.23,1284.64,261.1,297.02,2
54921,813.29,1802.18,188.96,220.51,363.23,1284.64,261.1,297.02,2
54922,813.29,1802.18,188.96,220.51,363.23,1284.64,261.1,297.02,2
54923,813.29,1802.18,188.96,220.51,363.23,1284.64,261.1,297.02,2
54928,813.29,1802.18,188.96,220.51,363.23,1284.64,261.1,297.02,2
54929,813.29,1802.18,188.96,220.51,363.23,1284.64,261.1,297.02,2
54930,813.29,1802.18,188.96,220.51,363.23,1284.64,261.1,297.02,2
54932,813.29,1802.18,188.96,220.51,363.23,1284.64,261.1,297.02,2
54935,813.29,1802.18,188.96,220.51,363.23,1284.64,261.1,297.02,2
54937,813.29,1802.18,188.96,220.51,363.23,1284.64,261.1,297.02,2
54940,813.29,1802.18,188.96,220.51,363.23,1284.64,261.1,297.02,2
54941,813.29,1802.18,188.96,220.51,363.23,1284.64,261.1,297.02,2
54942,813.29,1802.18,188.96,220.51,363.23,1284.64,261.1,297.02,2
54943,813.29,1802.18,188.96,220.51,363.23,1284.64,261.1,297.02,2
54944,813.29,1802.18,188.96,220.51,363.23,1284.64,261.1,297.02,2
54945,813.29,1802.18,188.96,220.51,363.23,1284.64,261.1,297.02,2
54947,813.29,1802.18,188.96,220.51,363.23,1284.64,261.1,297.02,2
54948,813.29,1802.18,188.96,220.51,363.23,1284.64,261.1,297.02,2
54949,813.29,1802.18,188.96,220.51,363.23,1284.64,261.1,297.02,2
54950,813.29,1802.18,188.96,220.51,363.23,1284.64,261.1,297.02,2
54952,813.29,1802.18,188.96,220.51,363.23,1284.64,261.1,297.02,2
54956,813.29,1802.18,188.96,220.51,363.23,1284.64,261.1,297.02,2
54960,813.29,1802.18,188.96,220.51,363.23,1284.64,261.1,297.02,2
54961,813.29,1802.18,188.96,220.51,363.23,1284.64,261.1,297.02,2
54962,813.29,1802.18,188.96,220.51,363.23,1284.64,261.1,297.02,2
54963,813.29,1802.18,188.96,220.51,363.23,1284.64,261.1,297.02,2
54964,813.29,1802.18,188.96,220.51,363.23,1284.64,261.1,297.02,2
54965,813.29,1802.18,188.96,220.51,363.23,1284.64,261.1,297.02,2
54966,813.29,1802.18,188.96,220.51,363.23,1284.64,261.1,297.02,2
54967,813.29,1802.18,188.96,220.51,363.23,1284.64,261.1,297.02,2
54968,813.29,1802.18,188.96,220.51,363.23,1284.64,261.1,297.02,2
54970,813.29,1802.18,188.96,220.51,363.23,1284.64,261.1,297.02,2
54971,813.29,1802.18,188.96,220.51,363.23,1284.64,261.1,297.02,2
54974,813.29,1802.18,188.96,220.51,363.23,1284.64,261.1,297.02,2
54977,813.29,1802.18,188.96,220.51,363.23,1284.64,261.1,297.02,2
54978,813.29,1802.18,188.96,220.51,363.23,1284.64,261.1,297.02,2
54979,813.29,1802.18,188.96,220.51,363.23,1284.64,261.1,297.02,2
54981,813.29,1802.18,188.96,220.51,363.23,1284.64,261.1,297.02,2
54982,813.29,1802.18,188.96,220.51,363.23,1284.64,261.1,297.02,2
54983,813.29,1802.18,188.96,220.51,363.23,1284.64,261.1,297.02,2
54984,813.29,1802.18,188.96,220.51,363.23,1284.64,261.1,297.02,2
54986,813.29,1802.18,188.96,220.51,363.23,1284.64,261.1,297.02,2