"zipcode","totalcost_low","totalcost_high","systemcost_low","systemcost_high","laborcost_low","laborcost_high","jobsupplycost_low","jobsupplycost_high","ton","SEER"
53001,18978.61,22513.78,16424.89,19167.56,1376.21,1985.29,1177.5,1360.93,5,20
53002,18978.61,22513.78,16424.89,19167.56,1376.21,1985.29,1177.5,1360.93,5,20
53004,18978.61,22513.78,16424.89,19167.56,1376.21,1985.29,1177.5,1360.93,5,20
53005,18978.61,22513.78,16424.89,19167.56,1376.21,1985.29,1177.5,1360.93,5,20
53006,18978.61,22513.78,16424.89,19167.56,1376.21,1985.29,1177.5,1360.93,5,20
53007,18978.61,22513.78,16424.89,19167.56,1376.21,1985.29,1177.5,1360.93,5,20
53010,18978.61,22513.78,16424.89,19167.56,1376.21,1985.29,1177.5,1360.93,5,20
53011,18978.61,22513.78,16424.89,19167.56,1376.21,1985.29,1177.5,1360.93,5,20
53012,18978.61,22513.78,16424.89,19167.56,1376.21,1985.29,1177.5,1360.93,5,20
53013,18978.61,22513.78,16424.89,19167.56,1376.21,1985.29,1177.5,1360.93,5,20
53014,18978.61,22513.78,16424.89,19167.56,1376.21,1985.29,1177.5,1360.93,5,20
53015,18978.61,22513.78,16424.89,19167.56,1376.21,1985.29,1177.5,1360.93,5,20
53017,18978.61,22513.78,16424.89,19167.56,1376.21,1985.29,1177.5,1360.93,5,20
53018,18978.61,22513.78,16424.89,19167.56,1376.21,1985.29,1177.5,1360.93,5,20
53019,18978.61,22513.78,16424.89,19167.56,1376.21,1985.29,1177.5,1360.93,5,20
53020,18978.61,22513.78,16424.89,19167.56,1376.21,1985.29,1177.5,1360.93,5,20
53021,18978.61,22513.78,16424.89,19167.56,1376.21,1985.29,1177.5,1360.93,5,20
53022,18978.61,22513.78,16424.89,19167.56,1376.21,1985.29,1177.5,1360.93,5,20
53023,18978.61,22513.78,16424.89,19167.56,1376.21,1985.29,1177.5,1360.93,5,20
53024,18978.61,22513.78,16424.89,19167.56,1376.21,1985.29,1177.5,1360.93,5,20
53027,18978.61,22513.78,16424.89,19167.56,1376.21,1985.29,1177.5,1360.93,5,20
53029,18978.61,22513.78,16424.89,19167.56,1376.21,1985.29,1177.5,1360.93,5,20
53032,18978.61,22513.78,16424.89,19167.56,1376.21,1985.29,1177.5,1360.93,5,20
53033,18978.61,22513.78,16424.89,19167.56,1376.21,1985.29,1177.5,1360.93,5,20
53034,18978.61,22513.78,16424.89,19167.56,1376.21,1985.29,1177.5,1360.93,5,20
53035,18978.61,22513.78,16424.89,19167.56,1376.21,1985.29,1177.5,1360.93,5,20
53036,18978.61,22513.78,16424.89,19167.56,1376.21,1985.29,1177.5,1360.93,5,20
53037,18978.61,22513.78,16424.89,19167.56,1376.21,1985.29,1177.5,1360.93,5,20
53038,18978.61,22513.78,16424.89,19167.56,1376.21,1985.29,1177.5,1360.93,5,20
53039,18978.61,22513.78,16424.89,19167.56,1376.21,1985.29,1177.5,1360.93,5,20
53040,18978.61,22513.78,16424.89,19167.56,1376.21,1985.29,1177.5,1360.93,5,20
53042,18978.61,22513.78,16424.89,19167.56,1376.21,1985.29,1177.5,1360.93,5,20
53044,18978.61,22513.78,16424.89,19167.56,1376.21,1985.29,1177.5,1360.93,5,20
53045,18978.61,22513.78,16424.89,19167.56,1376.21,1985.29,1177.5,1360.93,5,20
53046,18978.61,22513.78,16424.89,19167.56,1376.21,1985.29,1177.5,1360.93,5,20
53048,18978.61,22513.78,16424.89,19167.56,1376.21,1985.29,1177.5,1360.93,5,20
53049,18978.61,22513.78,16424.89,19167.56,1376.21,1985.29,1177.5,1360.93,5,20
53050,18978.61,22513.78,16424.89,19167.56,1376.21,1985.29,1177.5,1360.93,5,20
53051,18978.61,22513.78,16424.89,19167.56,1376.21,1985.29,1177.5,1360.93,5,20
53057,18978.61,22513.78,16424.89,19167.56,1376.21,1985.29,1177.5,1360.93,5,20
53058,18978.61,22513.78,16424.89,19167.56,1376.21,1985.29,1177.5,1360.93,5,20
53059,18978.61,22513.78,16424.89,19167.56,1376.21,1985.29,1177.5,1360.93,5,20
53061,18978.61,22513.78,16424.89,19167.56,1376.21,1985.29,1177.5,1360.93,5,20
53062,18978.61,22513.78,16424.89,19167.56,1376.21,1985.29,1177.5,1360.93,5,20
53063,18978.61,22513.78,16424.89,19167.56,1376.21,1985.29,1177.5,1360.93,5,20
53065,18978.61,22513.78,16424.89,19167.56,1376.21,1985.29,1177.5,1360.93,5,20
53066,18978.61,22513.78,16424.89,19167.56,1376.21,1985.29,1177.5,1360.93,5,20
53069,18978.61,22513.78,16424.89,19167.56,1376.21,1985.29,1177.5,1360.93,5,20
53070,18978.61,22513.78,16424.89,19167.56,1376.21,1985.29,1177.5,1360.93,5,20
53072,18978.61,22513.78,16424.89,19167.56,1376.21,1985.29,1177.5,1360.93,5,20
53072,18978.61,22513.78,16424.89,19167.56,1376.21,1985.29,1177.5,1360.93,5,20
53073,18978.61,22513.78,16424.89,19167.56,1376.21,1985.29,1177.5,1360.93,5,20
53074,18978.61,22513.78,16424.89,19167.56,1376.21,1985.29,1177.5,1360.93,5,20
53075,18978.61,22513.78,16424.89,19167.56,1376.21,1985.29,1177.5,1360.93,5,20
53076,18978.61,22513.78,16424.89,19167.56,1376.21,1985.29,1177.5,1360.93,5,20
53078,18978.61,22513.78,16424.89,19167.56,1376.21,1985.29,1177.5,1360.93,5,20
53079,18978.61,22513.78,16424.89,19167.56,1376.21,1985.29,1177.5,1360.93,5,20
53080,18978.61,22513.78,16424.89,19167.56,1376.21,1985.29,1177.5,1360.93,5,20
53081,18978.61,22513.78,16424.89,19167.56,1376.21,1985.29,1177.5,1360.93,5,20
53083,18978.61,22513.78,16424.89,19167.56,1376.21,1985.29,1177.5,1360.93,5,20
53085,18978.61,22513.78,16424.89,19167.56,1376.21,1985.29,1177.5,1360.93,5,20
53086,18978.61,22513.78,16424.89,19167.56,1376.21,1985.29,1177.5,1360.93,5,20
53089,18978.61,22513.78,16424.89,19167.56,1376.21,1985.29,1177.5,1360.93,5,20
53090,18978.61,22513.78,16424.89,19167.56,1376.21,1985.29,1177.5,1360.93,5,20
53091,18978.61,22513.78,16424.89,19167.56,1376.21,1985.29,1177.5,1360.93,5,20
53092,18978.61,22513.78,16424.89,19167.56,1376.21,1985.29,1177.5,1360.93,5,20
53093,18978.61,22513.78,16424.89,19167.56,1376.21,1985.29,1177.5,1360.93,5,20
53094,18978.61,22513.78,16424.89,19167.56,1376.21,1985.29,1177.5,1360.93,5,20
53094,18978.61,22513.78,16424.89,19167.56,1376.21,1985.29,1177.5,1360.93,5,20
53095,18978.61,22513.78,16424.89,19167.56,1376.21,1985.29,1177.5,1360.93,5,20
53097,18978.61,22513.78,16424.89,19167.56,1376.21,1985.29,1177.5,1360.93,5,20
53098,18978.61,22513.78,16424.89,19167.56,1376.21,1985.29,1177.5,1360.93,5,20
53099,18978.61,22513.78,16424.89,19167.56,1376.21,1985.29,1177.5,1360.93,5,20
53103,18978.61,22513.78,16424.89,19167.56,1376.21,1985.29,1177.5,1360.93,5,20
53104,18978.61,22513.78,16424.89,19167.56,1376.21,1985.29,1177.5,1360.93,5,20
53105,18978.61,22513.78,16424.89,19167.56,1376.21,1985.29,1177.5,1360.93,5,20
53108,18978.61,22513.78,16424.89,19167.56,1376.21,1985.29,1177.5,1360.93,5,20
53110,18978.61,22513.78,16424.89,19167.56,1376.21,1985.29,1177.5,1360.93,5,20
53114,18978.61,22513.78,16424.89,19167.56,1376.21,1985.29,1177.5,1360.93,5,20
53115,18978.61,22513.78,16424.89,19167.56,1376.21,1985.29,1177.5,1360.93,5,20
53118,18978.61,22513.78,16424.89,19167.56,1376.21,1985.29,1177.5,1360.93,5,20
53119,18978.61,22513.78,16424.89,19167.56,1376.21,1985.29,1177.5,1360.93,5,20
53120,18978.61,22513.78,16424.89,19167.56,1376.21,1985.29,1177.5,1360.93,5,20
53121,18978.61,22513.78,16424.89,19167.56,1376.21,1985.29,1177.5,1360.93,5,20
53122,18978.61,22513.78,16424.89,19167.56,1376.21,1985.29,1177.5,1360.93,5,20
53125,18978.61,22513.78,16424.89,19167.56,1376.21,1985.29,1177.5,1360.93,5,20
53126,18978.61,22513.78,16424.89,19167.56,1376.21,1985.29,1177.5,1360.93,5,20
53128,18978.61,22513.78,16424.89,19167.56,1376.21,1985.29,1177.5,1360.93,5,20
53129,18978.61,22513.78,16424.89,19167.56,1376.21,1985.29,1177.5,1360.93,5,20
53130,18978.61,22513.78,16424.89,19167.56,1376.21,1985.29,1177.5,1360.93,5,20
53137,18978.61,22513.78,16424.89,19167.56,1376.21,1985.29,1177.5,1360.93,5,20
53139,18978.61,22513.78,16424.89,19167.56,1376.21,1985.29,1177.5,1360.93,5,20
53140,18978.61,22513.78,16424.89,19167.56,1376.21,1985.29,1177.5,1360.93,5,20
53142,18978.61,22513.78,16424.89,19167.56,1376.21,1985.29,1177.5,1360.93,5,20
53143,18978.61,22513.78,16424.89,19167.56,1376.21,1985.29,1177.5,1360.93,5,20
53144,18978.61,22513.78,16424.89,19167.56,1376.21,1985.29,1177.5,1360.93,5,20
53147,18978.61,22513.78,16424.89,19167.56,1376.21,1985.29,1177.5,1360.93,5,20
53149,18978.61,22513.78,16424.89,19167.56,1376.21,1985.29,1177.5,1360.93,5,20
53150,18978.61,22513.78,16424.89,19167.56,1376.21,1985.29,1177.5,1360.93,5,20
53153,18978.61,22513.78,16424.89,19167.56,1376.21,1985.29,1177.5,1360.93,5,20
53154,18978.61,22513.78,16424.89,19167.56,1376.21,1985.29,1177.5,1360.93,5,20
53156,18978.61,22513.78,16424.89,19167.56,1376.21,1985.29,1177.5,1360.93,5,20
53158,18978.61,22513.78,16424.89,19167.56,1376.21,1985.29,1177.5,1360.93,5,20
53158,18978.61,22513.78,16424.89,19167.56,1376.21,1985.29,1177.5,1360.93,5,20
53168,18978.61,22513.78,16424.89,19167.56,1376.21,1985.29,1177.5,1360.93,5,20
53170,18978.61,22513.78,16424.89,19167.56,1376.21,1985.29,1177.5,1360.93,5,20
53172,18978.61,22513.78,16424.89,19167.56,1376.21,1985.29,1177.5,1360.93,5,20
53177,18978.61,22513.78,16424.89,19167.56,1376.21,1985.29,1177.5,1360.93,5,20
53178,18978.61,22513.78,16424.89,19167.56,1376.21,1985.29,1177.5,1360.93,5,20
53179,18978.61,22513.78,16424.89,19167.56,1376.21,1985.29,1177.5,1360.93,5,20
53181,18978.61,22513.78,16424.89,19167.56,1376.21,1985.29,1177.5,1360.93,5,20
53182,18978.61,22513.78,16424.89,19167.56,1376.21,1985.29,1177.5,1360.93,5,20
53183,18978.61,22513.78,16424.89,19167.56,1376.21,1985.29,1177.5,1360.93,5,20
53184,18978.61,22513.78,16424.89,19167.56,1376.21,1985.29,1177.5,1360.93,5,20
53185,18978.61,22513.78,16424.89,19167.56,1376.21,1985.29,1177.5,1360.93,5,20
53186,18978.61,22513.78,16424.89,19167.56,1376.21,1985.29,1177.5,1360.93,5,20
53188,18978.61,22513.78,16424.89,19167.56,1376.21,1985.29,1177.5,1360.93,5,20
53189,18978.61,22513.78,16424.89,19167.56,1376.21,1985.29,1177.5,1360.93,5,20
53190,18978.61,22513.78,16424.89,19167.56,1376.21,1985.29,1177.5,1360.93,5,20
53191,18978.61,22513.78,16424.89,19167.56,1376.21,1985.29,1177.5,1360.93,5,20
53202,18978.61,22513.78,16424.89,19167.56,1376.21,1985.29,1177.5,1360.93,5,20
53203,18978.61,22513.78,16424.89,19167.56,1376.21,1985.29,1177.5,1360.93,5,20
53204,18978.61,22513.78,16424.89,19167.56,1376.21,1985.29,1177.5,1360.93,5,20
53205,18978.61,22513.78,16424.89,19167.56,1376.21,1985.29,1177.5,1360.93,5,20
53206,18978.61,22513.78,16424.89,19167.56,1376.21,1985.29,1177.5,1360.93,5,20
53207,18978.61,22513.78,16424.89,19167.56,1376.21,1985.29,1177.5,1360.93,5,20
53208,18978.61,22513.78,16424.89,19167.56,1376.21,1985.29,1177.5,1360.93,5,20
53209,18978.61,22513.78,16424.89,19167.56,1376.21,1985.29,1177.5,1360.93,5,20
53210,18978.61,22513.78,16424.89,19167.56,1376.21,1985.29,1177.5,1360.93,5,20
53211,18978.61,22513.78,16424.89,19167.56,1376.21,1985.29,1177.5,1360.93,5,20
53212,18978.61,22513.78,16424.89,19167.56,1376.21,1985.29,1177.5,1360.93,5,20
53213,18978.61,22513.78,16424.89,19167.56,1376.21,1985.29,1177.5,1360.93,5,20
53214,18978.61,22513.78,16424.89,19167.56,1376.21,1985.29,1177.5,1360.93,5,20
53215,18978.61,22513.78,16424.89,19167.56,1376.21,1985.29,1177.5,1360.93,5,20
53216,18978.61,22513.78,16424.89,19167.56,1376.21,1985.29,1177.5,1360.93,5,20
53217,18978.61,22513.78,16424.89,19167.56,1376.21,1985.29,1177.5,1360.93,5,20
53218,18978.61,22513.78,16424.89,19167.56,1376.21,1985.29,1177.5,1360.93,5,20
53219,18978.61,22513.78,16424.89,19167.56,1376.21,1985.29,1177.5,1360.93,5,20
53220,18978.61,22513.78,16424.89,19167.56,1376.21,1985.29,1177.5,1360.93,5,20
53221,18978.61,22513.78,16424.89,19167.56,1376.21,1985.29,1177.5,1360.93,5,20
53222,18978.61,22513.78,16424.89,19167.56,1376.21,1985.29,1177.5,1360.93,5,20
53223,18978.61,22513.78,16424.89,19167.56,1376.21,1985.29,1177.5,1360.93,5,20
53224,18978.61,22513.78,16424.89,19167.56,1376.21,1985.29,1177.5,1360.93,5,20
53225,18978.61,22513.78,16424.89,19167.56,1376.21,1985.29,1177.5,1360.93,5,20
53226,18978.61,22513.78,16424.89,19167.56,1376.21,1985.29,1177.5,1360.93,5,20
53227,18978.61,22513.78,16424.89,19167.56,1376.21,1985.29,1177.5,1360.93,5,20
53228,18978.61,22513.78,16424.89,19167.56,1376.21,1985.29,1177.5,1360.93,5,20
53233,18978.61,22513.78,16424.89,19167.56,1376.21,1985.29,1177.5,1360.93,5,20
53235,18978.61,22513.78,16424.89,19167.56,1376.21,1985.29,1177.5,1360.93,5,20
53259,18978.61,22513.78,16424.89,19167.56,1376.21,1985.29,1177.5,1360.93,5,20
53263,18978.61,22513.78,16424.89,19167.56,1376.21,1985.29,1177.5,1360.93,5,20
53274,18978.61,22513.78,16424.89,19167.56,1376.21,1985.29,1177.5,1360.93,5,20
53278,18978.61,22513.78,16424.89,19167.56,1376.21,1985.29,1177.5,1360.93,5,20
53288,18978.61,22513.78,16424.89,19167.56,1376.21,1985.29,1177.5,1360.93,5,20
53290,18978.61,22513.78,16424.89,19167.56,1376.21,1985.29,1177.5,1360.93,5,20
53293,18978.61,22513.78,16424.89,19167.56,1376.21,1985.29,1177.5,1360.93,5,20
53295,18978.61,22513.78,16424.89,19167.56,1376.21,1985.29,1177.5,1360.93,5,20
53402,18978.61,22513.78,16424.89,19167.56,1376.21,1985.29,1177.5,1360.93,5,20
53403,18978.61,22513.78,16424.89,19167.56,1376.21,1985.29,1177.5,1360.93,5,20
53404,18978.61,22513.78,16424.89,19167.56,1376.21,1985.29,1177.5,1360.93,5,20
53405,18978.61,22513.78,16424.89,19167.56,1376.21,1985.29,1177.5,1360.93,5,20
53406,18978.61,22513.78,16424.89,19167.56,1376.21,1985.29,1177.5,1360.93,5,20
53407,18978.61,22513.78,16424.89,19167.56,1376.21,1985.29,1177.5,1360.93,5,20
53502,18978.61,22513.78,16424.89,19167.56,1376.21,1985.29,1177.5,1360.93,5,20
53503,18978.61,22513.78,16424.89,19167.56,1376.21,1985.29,1177.5,1360.93,5,20
53504,18978.61,22513.78,16424.89,19167.56,1376.21,1985.29,1177.5,1360.93,5,20
53505,18978.61,22513.78,16424.89,19167.56,1376.21,1985.29,1177.5,1360.93,5,20
53506,18978.61,22513.78,16424.89,19167.56,1376.21,1985.29,1177.5,1360.93,5,20
53507,18978.61,22513.78,16424.89,19167.56,1376.21,1985.29,1177.5,1360.93,5,20
53508,18978.61,22513.78,16424.89,19167.56,1376.21,1985.29,1177.5,1360.93,5,20
53510,18978.61,22513.78,16424.89,19167.56,1376.21,1985.29,1177.5,1360.93,5,20
53511,18978.61,22513.78,16424.89,19167.56,1376.21,1985.29,1177.5,1360.93,5,20
53515,18978.61,22513.78,16424.89,19167.56,1376.21,1985.29,1177.5,1360.93,5,20
53516,18978.61,22513.78,16424.89,19167.56,1376.21,1985.29,1177.5,1360.93,5,20
53517,18978.61,22513.78,16424.89,19167.56,1376.21,1985.29,1177.5,1360.93,5,20
53518,18978.61,22513.78,16424.89,19167.56,1376.21,1985.29,1177.5,1360.93,5,20
53520,18978.61,22513.78,16424.89,19167.56,1376.21,1985.29,1177.5,1360.93,5,20
53521,18978.61,22513.78,16424.89,19167.56,1376.21,1985.29,1177.5,1360.93,5,20
53522,18978.61,22513.78,16424.89,19167.56,1376.21,1985.29,1177.5,1360.93,5,20
53523,18978.61,22513.78,16424.89,19167.56,1376.21,1985.29,1177.5,1360.93,5,20
53525,18978.61,22513.78,16424.89,19167.56,1376.21,1985.29,1177.5,1360.93,5,20
53526,18978.61,22513.78,16424.89,19167.56,1376.21,1985.29,1177.5,1360.93,5,20
53527,18978.61,22513.78,16424.89,19167.56,1376.21,1985.29,1177.5,1360.93,5,20
53528,18978.61,22513.78,16424.89,19167.56,1376.21,1985.29,1177.5,1360.93,5,20
53529,18978.61,22513.78,16424.89,19167.56,1376.21,1985.29,1177.5,1360.93,5,20
53530,18978.61,22513.78,16424.89,19167.56,1376.21,1985.29,1177.5,1360.93,5,20
53531,18978.61,22513.78,16424.89,19167.56,1376.21,1985.29,1177.5,1360.93,5,20
53532,18978.61,22513.78,16424.89,19167.56,1376.21,1985.29,1177.5,1360.93,5,20
53533,18978.61,22513.78,16424.89,19167.56,1376.21,1985.29,1177.5,1360.93,5,20
53534,18978.61,22513.78,16424.89,19167.56,1376.21,1985.29,1177.5,1360.93,5,20
53536,18978.61,22513.78,16424.89,19167.56,1376.21,1985.29,1177.5,1360.93,5,20
53538,18978.61,22513.78,16424.89,19167.56,1376.21,1985.29,1177.5,1360.93,5,20
53541,18978.61,22513.78,16424.89,19167.56,1376.21,1985.29,1177.5,1360.93,5,20
53543,18978.61,22513.78,16424.89,19167.56,1376.21,1985.29,1177.5,1360.93,5,20
53544,18978.61,22513.78,16424.89,19167.56,1376.21,1985.29,1177.5,1360.93,5,20
53545,18978.61,22513.78,16424.89,19167.56,1376.21,1985.29,1177.5,1360.93,5,20
53546,18978.61,22513.78,16424.89,19167.56,1376.21,1985.29,1177.5,1360.93,5,20
53548,18978.61,22513.78,16424.89,19167.56,1376.21,1985.29,1177.5,1360.93,5,20
53549,18978.61,22513.78,16424.89,19167.56,1376.21,1985.29,1177.5,1360.93,5,20
53550,18978.61,22513.78,16424.89,19167.56,1376.21,1985.29,1177.5,1360.93,5,20
53551,18978.61,22513.78,16424.89,19167.56,1376.21,1985.29,1177.5,1360.93,5,20
53553,18978.61,22513.78,16424.89,19167.56,1376.21,1985.29,1177.5,1360.93,5,20
53554,18978.61,22513.78,16424.89,19167.56,1376.21,1985.29,1177.5,1360.93,5,20
53555,18978.61,22513.78,16424.89,19167.56,1376.21,1985.29,1177.5,1360.93,5,20
53556,18978.61,22513.78,16424.89,19167.56,1376.21,1985.29,1177.5,1360.93,5,20
53557,18978.61,22513.78,16424.89,19167.56,1376.21,1985.29,1177.5,1360.93,5,20
53558,18978.61,22513.78,16424.89,19167.56,1376.21,1985.29,1177.5,1360.93,5,20
53559,18978.61,22513.78,16424.89,19167.56,1376.21,1985.29,1177.5,1360.93,5,20
53560,18978.61,22513.78,16424.89,19167.56,1376.21,1985.29,1177.5,1360.93,5,20
53561,18978.61,22513.78,16424.89,19167.56,1376.21,1985.29,1177.5,1360.93,5,20
53563,18978.61,22513.78,16424.89,19167.56,1376.21,1985.29,1177.5,1360.93,5,20
53565,18978.61,22513.78,16424.89,19167.56,1376.21,1985.29,1177.5,1360.93,5,20
53566,18978.61,22513.78,16424.89,19167.56,1376.21,1985.29,1177.5,1360.93,5,20
53569,18978.61,22513.78,16424.89,19167.56,1376.21,1985.29,1177.5,1360.93,5,20
53570,18978.61,22513.78,16424.89,19167.56,1376.21,1985.29,1177.5,1360.93,5,20
53572,18978.61,22513.78,16424.89,19167.56,1376.21,1985.29,1177.5,1360.93,5,20
53573,18978.61,22513.78,16424.89,19167.56,1376.21,1985.29,1177.5,1360.93,5,20
53574,18978.61,22513.78,16424.89,19167.56,1376.21,1985.29,1177.5,1360.93,5,20
53575,18978.61,22513.78,16424.89,19167.56,1376.21,1985.29,1177.5,1360.93,5,20
53576,18978.61,22513.78,16424.89,19167.56,1376.21,1985.29,1177.5,1360.93,5,20
53577,18978.61,22513.78,16424.89,19167.56,1376.21,1985.29,1177.5,1360.93,5,20
53578,18978.61,22513.78,16424.89,19167.56,1376.21,1985.29,1177.5,1360.93,5,20
53579,18978.61,22513.78,16424.89,19167.56,1376.21,1985.29,1177.5,1360.93,5,20
53580,18978.61,22513.78,16424.89,19167.56,1376.21,1985.29,1177.5,1360.93,5,20
53581,18978.61,22513.78,16424.89,19167.56,1376.21,1985.29,1177.5,1360.93,5,20
53582,18978.61,22513.78,16424.89,19167.56,1376.21,1985.29,1177.5,1360.93,5,20
53583,18978.61,22513.78,16424.89,19167.56,1376.21,1985.29,1177.5,1360.93,5,20
53585,18978.61,22513.78,16424.89,19167.56,1376.21,1985.29,1177.5,1360.93,5,20
53586,18978.61,22513.78,16424.89,19167.56,1376.21,1985.29,1177.5,1360.93,5,20
53587,18978.61,22513.78,16424.89,19167.56,1376.21,1985.29,1177.5,1360.93,5,20
53588,18978.61,22513.78,16424.89,19167.56,1376.21,1985.29,1177.5,1360.93,5,20
53589,18978.61,22513.78,16424.89,19167.56,1376.21,1985.29,1177.5,1360.93,5,20
53590,18978.61,22513.78,16424.89,19167.56,1376.21,1985.29,1177.5,1360.93,5,20
53594,18978.61,22513.78,16424.89,19167.56,1376.21,1985.29,1177.5,1360.93,5,20
53595,18978.61,22513.78,16424.89,19167.56,1376.21,1985.29,1177.5,1360.93,5,20
53596,18978.61,22513.78,16424.89,19167.56,1376.21,1985.29,1177.5,1360.93,5,20
53597,18978.61,22513.78,16424.89,19167.56,1376.21,1985.29,1177.5,1360.93,5,20
53598,18978.61,22513.78,16424.89,19167.56,1376.21,1985.29,1177.5,1360.93,5,20
53702,18978.61,22513.78,16424.89,19167.56,1376.21,1985.29,1177.5,1360.93,5,20
53703,18978.61,22513.78,16424.89,19167.56,1376.21,1985.29,1177.5,1360.93,5,20
53704,18978.61,22513.78,16424.89,19167.56,1376.21,1985.29,1177.5,1360.93,5,20
53705,18978.61,22513.78,16424.89,19167.56,1376.21,1985.29,1177.5,1360.93,5,20
53706,18978.61,22513.78,16424.89,19167.56,1376.21,1985.29,1177.5,1360.93,5,20
53711,18978.61,22513.78,16424.89,19167.56,1376.21,1985.29,1177.5,1360.93,5,20
53713,18978.61,22513.78,16424.89,19167.56,1376.21,1985.29,1177.5,1360.93,5,20
53714,18978.61,22513.78,16424.89,19167.56,1376.21,1985.29,1177.5,1360.93,5,20
53715,18978.61,22513.78,16424.89,19167.56,1376.21,1985.29,1177.5,1360.93,5,20
53716,18978.61,22513.78,16424.89,19167.56,1376.21,1985.29,1177.5,1360.93,5,20
53717,18978.61,22513.78,16424.89,19167.56,1376.21,1985.29,1177.5,1360.93,5,20
53718,18978.61,22513.78,16424.89,19167.56,1376.21,1985.29,1177.5,1360.93,5,20
53719,18978.61,22513.78,16424.89,19167.56,1376.21,1985.29,1177.5,1360.93,5,20
53726,18978.61,22513.78,16424.89,19167.56,1376.21,1985.29,1177.5,1360.93,5,20
53774,18978.61,22513.78,16424.89,19167.56,1376.21,1985.29,1177.5,1360.93,5,20
53777,18978.61,22513.78,16424.89,19167.56,1376.21,1985.29,1177.5,1360.93,5,20
53782,18978.61,22513.78,16424.89,19167.56,1376.21,1985.29,1177.5,1360.93,5,20
53783,18978.61,22513.78,16424.89,19167.56,1376.21,1985.29,1177.5,1360.93,5,20
53784,18978.61,22513.78,16424.89,19167.56,1376.21,1985.29,1177.5,1360.93,5,20
53785,18978.61,22513.78,16424.89,19167.56,1376.21,1985.29,1177.5,1360.93,5,20
53786,18978.61,22513.78,16424.89,19167.56,1376.21,1985.29,1177.5,1360.93,5,20
53788,18978.61,22513.78,16424.89,19167.56,1376.21,1985.29,1177.5,1360.93,5,20
53790,18978.61,22513.78,16424.89,19167.56,1376.21,1985.29,1177.5,1360.93,5,20
53791,18978.61,22513.78,16424.89,19167.56,1376.21,1985.29,1177.5,1360.93,5,20
53792,18978.61,22513.78,16424.89,19167.56,1376.21,1985.29,1177.5,1360.93,5,20
53793,18978.61,22513.78,16424.89,19167.56,1376.21,1985.29,1177.5,1360.93,5,20
53794,18978.61,22513.78,16424.89,19167.56,1376.21,1985.29,1177.5,1360.93,5,20
53801,18978.61,22513.78,16424.89,19167.56,1376.21,1985.29,1177.5,1360.93,5,20
53803,18978.61,22513.78,16424.89,19167.56,1376.21,1985.29,1177.5,1360.93,5,20
53804,18978.61,22513.78,16424.89,19167.56,1376.21,1985.29,1177.5,1360.93,5,20
53805,18978.61,22513.78,16424.89,19167.56,1376.21,1985.29,1177.5,1360.93,5,20
53806,18978.61,22513.78,16424.89,19167.56,1376.21,1985.29,1177.5,1360.93,5,20
53807,18978.61,22513.78,16424.89,19167.56,1376.21,1985.29,1177.5,1360.93,5,20
53809,18978.61,22513.78,16424.89,19167.56,1376.21,1985.29,1177.5,1360.93,5,20
53810,18978.61,22513.78,16424.89,19167.56,1376.21,1985.29,1177.5,1360.93,5,20
53811,18978.61,22513.78,16424.89,19167.56,1376.21,1985.29,1177.5,1360.93,5,20
53813,18978.61,22513.78,16424.89,19167.56,1376.21,1985.29,1177.5,1360.93,5,20
53816,18978.61,22513.78,16424.89,19167.56,1376.21,1985.29,1177.5,1360.93,5,20
53818,18978.61,22513.78,16424.89,19167.56,1376.21,1985.29,1177.5,1360.93,5,20
53820,18978.61,22513.78,16424.89,19167.56,1376.21,1985.29,1177.5,1360.93,5,20
53821,18978.61,22513.78,16424.89,19167.56,1376.21,1985.29,1177.5,1360.93,5,20
53825,18978.61,22513.78,16424.89,19167.56,1376.21,1985.29,1177.5,1360.93,5,20
53826,18978.61,22513.78,16424.89,19167.56,1376.21,1985.29,1177.5,1360.93,5,20
53901,18978.61,22513.78,16424.89,19167.56,1376.21,1985.29,1177.5,1360.93,5,20
53910,18978.61,22513.78,16424.89,19167.56,1376.21,1985.29,1177.5,1360.93,5,20
53911,18978.61,22513.78,16424.89,19167.56,1376.21,1985.29,1177.5,1360.93,5,20
53913,18978.61,22513.78,16424.89,19167.56,1376.21,1985.29,1177.5,1360.93,5,20
53916,18978.61,22513.78,16424.89,19167.56,1376.21,1985.29,1177.5,1360.93,5,20
53919,18978.61,22513.78,16424.89,19167.56,1376.21,1985.29,1177.5,1360.93,5,20
53920,18978.61,22513.78,16424.89,19167.56,1376.21,1985.29,1177.5,1360.93,5,20
53922,18978.61,22513.78,16424.89,19167.56,1376.21,1985.29,1177.5,1360.93,5,20
53923,18978.61,22513.78,16424.89,19167.56,1376.21,1985.29,1177.5,1360.93,5,20
53923,18978.61,22513.78,16424.89,19167.56,1376.21,1985.29,1177.5,1360.93,5,20
53924,18978.61,22513.78,16424.89,19167.56,1376.21,1985.29,1177.5,1360.93,5,20
53925,18978.61,22513.78,16424.89,19167.56,1376.21,1985.29,1177.5,1360.93,5,20
53926,18978.61,22513.78,16424.89,19167.56,1376.21,1985.29,1177.5,1360.93,5,20
53929,18978.61,22513.78,16424.89,19167.56,1376.21,1985.29,1177.5,1360.93,5,20
53930,18978.61,22513.78,16424.89,19167.56,1376.21,1985.29,1177.5,1360.93,5,20
53932,18978.61,22513.78,16424.89,19167.56,1376.21,1985.29,1177.5,1360.93,5,20
53933,18978.61,22513.78,16424.89,19167.56,1376.21,1985.29,1177.5,1360.93,5,20
53934,18978.61,22513.78,16424.89,19167.56,1376.21,1985.29,1177.5,1360.93,5,20
53936,18978.61,22513.78,16424.89,19167.56,1376.21,1985.29,1177.5,1360.93,5,20
53937,18978.61,22513.78,16424.89,19167.56,1376.21,1985.29,1177.5,1360.93,5,20
53941,18978.61,22513.78,16424.89,19167.56,1376.21,1985.29,1177.5,1360.93,5,20
53943,18978.61,22513.78,16424.89,19167.56,1376.21,1985.29,1177.5,1360.93,5,20
53944,18978.61,22513.78,16424.89,19167.56,1376.21,1985.29,1177.5,1360.93,5,20
53946,18978.61,22513.78,16424.89,19167.56,1376.21,1985.29,1177.5,1360.93,5,20
53948,18978.61,22513.78,16424.89,19167.56,1376.21,1985.29,1177.5,1360.93,5,20
53949,18978.61,22513.78,16424.89,19167.56,1376.21,1985.29,1177.5,1360.93,5,20
53950,18978.61,22513.78,16424.89,19167.56,1376.21,1985.29,1177.5,1360.93,5,20
53951,18978.61,22513.78,16424.89,19167.56,1376.21,1985.29,1177.5,1360.93,5,20
53952,18978.61,22513.78,16424.89,19167.56,1376.21,1985.29,1177.5,1360.93,5,20
53954,18978.61,22513.78,16424.89,19167.56,1376.21,1985.29,1177.5,1360.93,5,20
53955,18978.61,22513.78,16424.89,19167.56,1376.21,1985.29,1177.5,1360.93,5,20
53956,18978.61,22513.78,16424.89,19167.56,1376.21,1985.29,1177.5,1360.93,5,20
53957,18978.61,22513.78,16424.89,19167.56,1376.21,1985.29,1177.5,1360.93,5,20
53958,18978.61,22513.78,16424.89,19167.56,1376.21,1985.29,1177.5,1360.93,5,20
53959,18978.61,22513.78,16424.89,19167.56,1376.21,1985.29,1177.5,1360.93,5,20
53960,18978.61,22513.78,16424.89,19167.56,1376.21,1985.29,1177.5,1360.93,5,20
53961,18978.61,22513.78,16424.89,19167.56,1376.21,1985.29,1177.5,1360.93,5,20
53963,18978.61,22513.78,16424.89,19167.56,1376.21,1985.29,1177.5,1360.93,5,20
53964,18978.61,22513.78,16424.89,19167.56,1376.21,1985.29,1177.5,1360.93,5,20
53965,18978.61,22513.78,16424.89,19167.56,1376.21,1985.29,1177.5,1360.93,5,20
53968,18978.61,22513.78,16424.89,19167.56,1376.21,1985.29,1177.5,1360.93,5,20
54001,18978.61,22513.78,16424.89,19167.56,1376.21,1985.29,1177.5,1360.93,5,20
54002,18978.61,22513.78,16424.89,19167.56,1376.21,1985.29,1177.5,1360.93,5,20
54003,18978.61,22513.78,16424.89,19167.56,1376.21,1985.29,1177.5,1360.93,5,20
54004,18978.61,22513.78,16424.89,19167.56,1376.21,1985.29,1177.5,1360.93,5,20
54005,18978.61,22513.78,16424.89,19167.56,1376.21,1985.29,1177.5,1360.93,5,20
54006,18978.61,22513.78,16424.89,19167.56,1376.21,1985.29,1177.5,1360.93,5,20
54007,18978.61,22513.78,16424.89,19167.56,1376.21,1985.29,1177.5,1360.93,5,20
54009,18978.61,22513.78,16424.89,19167.56,1376.21,1985.29,1177.5,1360.93,5,20
54011,18978.61,22513.78,16424.89,19167.56,1376.21,1985.29,1177.5,1360.93,5,20
54013,18978.61,22513.78,16424.89,19167.56,1376.21,1985.29,1177.5,1360.93,5,20
54014,18978.61,22513.78,16424.89,19167.56,1376.21,1985.29,1177.5,1360.93,5,20
54015,18978.61,22513.78,16424.89,19167.56,1376.21,1985.29,1177.5,1360.93,5,20
54016,18978.61,22513.78,16424.89,19167.56,1376.21,1985.29,1177.5,1360.93,5,20
54017,18978.61,22513.78,16424.89,19167.56,1376.21,1985.29,1177.5,1360.93,5,20
54020,18978.61,22513.78,16424.89,19167.56,1376.21,1985.29,1177.5,1360.93,5,20
54021,18978.61,22513.78,16424.89,19167.56,1376.21,1985.29,1177.5,1360.93,5,20
54022,18978.61,22513.78,16424.89,19167.56,1376.21,1985.29,1177.5,1360.93,5,20
54023,18978.61,22513.78,16424.89,19167.56,1376.21,1985.29,1177.5,1360.93,5,20
54024,18978.61,22513.78,16424.89,19167.56,1376.21,1985.29,1177.5,1360.93,5,20
54025,18978.61,22513.78,16424.89,19167.56,1376.21,1985.29,1177.5,1360.93,5,20
54026,18978.61,22513.78,16424.89,19167.56,1376.21,1985.29,1177.5,1360.93,5,20
54027,18978.61,22513.78,16424.89,19167.56,1376.21,1985.29,1177.5,1360.93,5,20
54028,18978.61,22513.78,16424.89,19167.56,1376.21,1985.29,1177.5,1360.93,5,20
54101,18978.61,22513.78,16424.89,19167.56,1376.21,1985.29,1177.5,1360.93,5,20
54102,18978.61,22513.78,16424.89,19167.56,1376.21,1985.29,1177.5,1360.93,5,20
54103,18978.61,22513.78,16424.89,19167.56,1376.21,1985.29,1177.5,1360.93,5,20
54104,18978.61,22513.78,16424.89,19167.56,1376.21,1985.29,1177.5,1360.93,5,20
54106,18978.61,22513.78,16424.89,19167.56,1376.21,1985.29,1177.5,1360.93,5,20
54107,18978.61,22513.78,16424.89,19167.56,1376.21,1985.29,1177.5,1360.93,5,20
54110,18978.61,22513.78,16424.89,19167.56,1376.21,1985.29,1177.5,1360.93,5,20
54111,18978.61,22513.78,16424.89,19167.56,1376.21,1985.29,1177.5,1360.93,5,20
54112,18978.61,22513.78,16424.89,19167.56,1376.21,1985.29,1177.5,1360.93,5,20
54113,18978.61,22513.78,16424.89,19167.56,1376.21,1985.29,1177.5,1360.93,5,20
54114,18978.61,22513.78,16424.89,19167.56,1376.21,1985.29,1177.5,1360.93,5,20
54115,18978.61,22513.78,16424.89,19167.56,1376.21,1985.29,1177.5,1360.93,5,20
54119,18978.61,22513.78,16424.89,19167.56,1376.21,1985.29,1177.5,1360.93,5,20
54120,18978.61,22513.78,16424.89,19167.56,1376.21,1985.29,1177.5,1360.93,5,20
54121,18978.61,22513.78,16424.89,19167.56,1376.21,1985.29,1177.5,1360.93,5,20
54123,18978.61,22513.78,16424.89,19167.56,1376.21,1985.29,1177.5,1360.93,5,20
54124,18978.61,22513.78,16424.89,19167.56,1376.21,1985.29,1177.5,1360.93,5,20
54125,18978.61,22513.78,16424.89,19167.56,1376.21,1985.29,1177.5,1360.93,5,20
54126,18978.61,22513.78,16424.89,19167.56,1376.21,1985.29,1177.5,1360.93,5,20
54128,18978.61,22513.78,16424.89,19167.56,1376.21,1985.29,1177.5,1360.93,5,20
54129,18978.61,22513.78,16424.89,19167.56,1376.21,1985.29,1177.5,1360.93,5,20
54130,18978.61,22513.78,16424.89,19167.56,1376.21,1985.29,1177.5,1360.93,5,20
54135,18978.61,22513.78,16424.89,19167.56,1376.21,1985.29,1177.5,1360.93,5,20
54136,18978.61,22513.78,16424.89,19167.56,1376.21,1985.29,1177.5,1360.93,5,20
54137,18978.61,22513.78,16424.89,19167.56,1376.21,1985.29,1177.5,1360.93,5,20
54138,18978.61,22513.78,16424.89,19167.56,1376.21,1985.29,1177.5,1360.93,5,20
54139,18978.61,22513.78,16424.89,19167.56,1376.21,1985.29,1177.5,1360.93,5,20
54140,18978.61,22513.78,16424.89,19167.56,1376.21,1985.29,1177.5,1360.93,5,20
54141,18978.61,22513.78,16424.89,19167.56,1376.21,1985.29,1177.5,1360.93,5,20
54143,18978.61,22513.78,16424.89,19167.56,1376.21,1985.29,1177.5,1360.93,5,20
54149,18978.61,22513.78,16424.89,19167.56,1376.21,1985.29,1177.5,1360.93,5,20
54150,18978.61,22513.78,16424.89,19167.56,1376.21,1985.29,1177.5,1360.93,5,20
54151,18978.61,22513.78,16424.89,19167.56,1376.21,1985.29,1177.5,1360.93,5,20
54153,18978.61,22513.78,16424.89,19167.56,1376.21,1985.29,1177.5,1360.93,5,20
54154,18978.61,22513.78,16424.89,19167.56,1376.21,1985.29,1177.5,1360.93,5,20
54155,18978.61,22513.78,16424.89,19167.56,1376.21,1985.29,1177.5,1360.93,5,20
54156,18978.61,22513.78,16424.89,19167.56,1376.21,1985.29,1177.5,1360.93,5,20
54157,18978.61,22513.78,16424.89,19167.56,1376.21,1985.29,1177.5,1360.93,5,20
54159,18978.61,22513.78,16424.89,19167.56,1376.21,1985.29,1177.5,1360.93,5,20
54161,18978.61,22513.78,16424.89,19167.56,1376.21,1985.29,1177.5,1360.93,5,20
54162,18978.61,22513.78,16424.89,19167.56,1376.21,1985.29,1177.5,1360.93,5,20
54165,18978.61,22513.78,16424.89,19167.56,1376.21,1985.29,1177.5,1360.93,5,20
54166,18978.61,22513.78,16424.89,19167.56,1376.21,1985.29,1177.5,1360.93,5,20
54169,18978.61,22513.78,16424.89,19167.56,1376.21,1985.29,1177.5,1360.93,5,20
54170,18978.61,22513.78,16424.89,19167.56,1376.21,1985.29,1177.5,1360.93,5,20
54171,18978.61,22513.78,16424.89,19167.56,1376.21,1985.29,1177.5,1360.93,5,20
54173,18978.61,22513.78,16424.89,19167.56,1376.21,1985.29,1177.5,1360.93,5,20
54174,18978.61,22513.78,16424.89,19167.56,1376.21,1985.29,1177.5,1360.93,5,20
54175,18978.61,22513.78,16424.89,19167.56,1376.21,1985.29,1177.5,1360.93,5,20
54177,18978.61,22513.78,16424.89,19167.56,1376.21,1985.29,1177.5,1360.93,5,20
54180,18978.61,22513.78,16424.89,19167.56,1376.21,1985.29,1177.5,1360.93,5,20
54201,18978.61,22513.78,16424.89,19167.56,1376.21,1985.29,1177.5,1360.93,5,20
54202,18978.61,22513.78,16424.89,19167.56,1376.21,1985.29,1177.5,1360.93,5,20
54204,18978.61,22513.78,16424.89,19167.56,1376.21,1985.29,1177.5,1360.93,5,20
54205,18978.61,22513.78,16424.89,19167.56,1376.21,1985.29,1177.5,1360.93,5,20
54208,18978.61,22513.78,16424.89,19167.56,1376.21,1985.29,1177.5,1360.93,5,20
54209,18978.61,22513.78,16424.89,19167.56,1376.21,1985.29,1177.5,1360.93,5,20
54210,18978.61,22513.78,16424.89,19167.56,1376.21,1985.29,1177.5,1360.93,5,20
54212,18978.61,22513.78,16424.89,19167.56,1376.21,1985.29,1177.5,1360.93,5,20
54213,18978.61,22513.78,16424.89,19167.56,1376.21,1985.29,1177.5,1360.93,5,20
54216,18978.61,22513.78,16424.89,19167.56,1376.21,1985.29,1177.5,1360.93,5,20
54217,18978.61,22513.78,16424.89,19167.56,1376.21,1985.29,1177.5,1360.93,5,20
54220,18978.61,22513.78,16424.89,19167.56,1376.21,1985.29,1177.5,1360.93,5,20
54227,18978.61,22513.78,16424.89,19167.56,1376.21,1985.29,1177.5,1360.93,5,20
54228,18978.61,22513.78,16424.89,19167.56,1376.21,1985.29,1177.5,1360.93,5,20
54229,18978.61,22513.78,16424.89,19167.56,1376.21,1985.29,1177.5,1360.93,5,20
54229,18978.61,22513.78,16424.89,19167.56,1376.21,1985.29,1177.5,1360.93,5,20
54230,18978.61,22513.78,16424.89,19167.56,1376.21,1985.29,1177.5,1360.93,5,20
54234,18978.61,22513.78,16424.89,19167.56,1376.21,1985.29,1177.5,1360.93,5,20
54235,18978.61,22513.78,16424.89,19167.56,1376.21,1985.29,1177.5,1360.93,5,20
54235,18978.61,22513.78,16424.89,19167.56,1376.21,1985.29,1177.5,1360.93,5,20
54241,18978.61,22513.78,16424.89,19167.56,1376.21,1985.29,1177.5,1360.93,5,20
54245,18978.61,22513.78,16424.89,19167.56,1376.21,1985.29,1177.5,1360.93,5,20
54246,18978.61,22513.78,16424.89,19167.56,1376.21,1985.29,1177.5,1360.93,5,20
54247,18978.61,22513.78,16424.89,19167.56,1376.21,1985.29,1177.5,1360.93,5,20
54301,18931.33,22445.59,16424.89,19167.56,1328.94,1917.09,1177.5,1360.93,5,20
54302,18931.33,22445.59,16424.89,19167.56,1328.94,1917.09,1177.5,1360.93,5,20
54303,18931.33,22445.59,16424.89,19167.56,1328.94,1917.09,1177.5,1360.93,5,20
54304,18931.33,22445.59,16424.89,19167.56,1328.94,1917.09,1177.5,1360.93,5,20
54311,18931.33,22445.59,16424.89,19167.56,1328.94,1917.09,1177.5,1360.93,5,20
54313,18931.33,22445.59,16424.89,19167.56,1328.94,1917.09,1177.5,1360.93,5,20
54313,18931.33,22445.59,16424.89,19167.56,1328.94,1917.09,1177.5,1360.93,5,20
54344,18931.33,22445.59,16424.89,19167.56,1328.94,1917.09,1177.5,1360.93,5,20
54401,18931.33,22445.59,16424.89,19167.56,1328.94,1917.09,1177.5,1360.93,5,20
54403,18931.33,22445.59,16424.89,19167.56,1328.94,1917.09,1177.5,1360.93,5,20
54404,18931.33,22445.59,16424.89,19167.56,1328.94,1917.09,1177.5,1360.93,5,20
54405,18931.33,22445.59,16424.89,19167.56,1328.94,1917.09,1177.5,1360.93,5,20
54406,18931.33,22445.59,16424.89,19167.56,1328.94,1917.09,1177.5,1360.93,5,20
54407,18931.33,22445.59,16424.89,19167.56,1328.94,1917.09,1177.5,1360.93,5,20
54408,18931.33,22445.59,16424.89,19167.56,1328.94,1917.09,1177.5,1360.93,5,20
54409,18931.33,22445.59,16424.89,19167.56,1328.94,1917.09,1177.5,1360.93,5,20
54410,18931.33,22445.59,16424.89,19167.56,1328.94,1917.09,1177.5,1360.93,5,20
54411,18931.33,22445.59,16424.89,19167.56,1328.94,1917.09,1177.5,1360.93,5,20
54412,18931.33,22445.59,16424.89,19167.56,1328.94,1917.09,1177.5,1360.93,5,20
54414,18931.33,22445.59,16424.89,19167.56,1328.94,1917.09,1177.5,1360.93,5,20
54416,18931.33,22445.59,16424.89,19167.56,1328.94,1917.09,1177.5,1360.93,5,20
54420,18931.33,22445.59,16424.89,19167.56,1328.94,1917.09,1177.5,1360.93,5,20
54421,18931.33,22445.59,16424.89,19167.56,1328.94,1917.09,1177.5,1360.93,5,20
54422,18931.33,22445.59,16424.89,19167.56,1328.94,1917.09,1177.5,1360.93,5,20
54423,18931.33,22445.59,16424.89,19167.56,1328.94,1917.09,1177.5,1360.93,5,20
54424,18931.33,22445.59,16424.89,19167.56,1328.94,1917.09,1177.5,1360.93,5,20
54425,18931.33,22445.59,16424.89,19167.56,1328.94,1917.09,1177.5,1360.93,5,20
54426,18931.33,22445.59,16424.89,19167.56,1328.94,1917.09,1177.5,1360.93,5,20
54427,18931.33,22445.59,16424.89,19167.56,1328.94,1917.09,1177.5,1360.93,5,20
54428,18931.33,22445.59,16424.89,19167.56,1328.94,1917.09,1177.5,1360.93,5,20
54433,18931.33,22445.59,16424.89,19167.56,1328.94,1917.09,1177.5,1360.93,5,20
54435,18931.33,22445.59,16424.89,19167.56,1328.94,1917.09,1177.5,1360.93,5,20
54436,18931.33,22445.59,16424.89,19167.56,1328.94,1917.09,1177.5,1360.93,5,20
54437,18931.33,22445.59,16424.89,19167.56,1328.94,1917.09,1177.5,1360.93,5,20
54440,18931.33,22445.59,16424.89,19167.56,1328.94,1917.09,1177.5,1360.93,5,20
54442,18931.33,22445.59,16424.89,19167.56,1328.94,1917.09,1177.5,1360.93,5,20
54443,18931.33,22445.59,16424.89,19167.56,1328.94,1917.09,1177.5,1360.93,5,20
54446,18931.33,22445.59,16424.89,19167.56,1328.94,1917.09,1177.5,1360.93,5,20
54447,18931.33,22445.59,16424.89,19167.56,1328.94,1917.09,1177.5,1360.93,5,20
54448,18931.33,22445.59,16424.89,19167.56,1328.94,1917.09,1177.5,1360.93,5,20
54449,18931.33,22445.59,16424.89,19167.56,1328.94,1917.09,1177.5,1360.93,5,20
54451,18931.33,22445.59,16424.89,19167.56,1328.94,1917.09,1177.5,1360.93,5,20
54452,18931.33,22445.59,16424.89,19167.56,1328.94,1917.09,1177.5,1360.93,5,20
54454,18931.33,22445.59,16424.89,19167.56,1328.94,1917.09,1177.5,1360.93,5,20
54455,18931.33,22445.59,16424.89,19167.56,1328.94,1917.09,1177.5,1360.93,5,20
54456,18931.33,22445.59,16424.89,19167.56,1328.94,1917.09,1177.5,1360.93,5,20
54457,18931.33,22445.59,16424.89,19167.56,1328.94,1917.09,1177.5,1360.93,5,20
54459,18931.33,22445.59,16424.89,19167.56,1328.94,1917.09,1177.5,1360.93,5,20
54460,18931.33,22445.59,16424.89,19167.56,1328.94,1917.09,1177.5,1360.93,5,20
54463,18931.33,22445.59,16424.89,19167.56,1328.94,1917.09,1177.5,1360.93,5,20
54465,18931.33,22445.59,16424.89,19167.56,1328.94,1917.09,1177.5,1360.93,5,20
54466,18931.33,22445.59,16424.89,19167.56,1328.94,1917.09,1177.5,1360.93,5,20
54467,18931.33,22445.59,16424.89,19167.56,1328.94,1917.09,1177.5,1360.93,5,20
54469,18931.33,22445.59,16424.89,19167.56,1328.94,1917.09,1177.5,1360.93,5,20
54470,18931.33,22445.59,16424.89,19167.56,1328.94,1917.09,1177.5,1360.93,5,20
54471,18931.33,22445.59,16424.89,19167.56,1328.94,1917.09,1177.5,1360.93,5,20
54473,18931.33,22445.59,16424.89,19167.56,1328.94,1917.09,1177.5,1360.93,5,20
54474,18931.33,22445.59,16424.89,19167.56,1328.94,1917.09,1177.5,1360.93,5,20
54475,18931.33,22445.59,16424.89,19167.56,1328.94,1917.09,1177.5,1360.93,5,20
54476,18931.33,22445.59,16424.89,19167.56,1328.94,1917.09,1177.5,1360.93,5,20
54479,18931.33,22445.59,16424.89,19167.56,1328.94,1917.09,1177.5,1360.93,5,20
54480,18931.33,22445.59,16424.89,19167.56,1328.94,1917.09,1177.5,1360.93,5,20
54481,18931.33,22445.59,16424.89,19167.56,1328.94,1917.09,1177.5,1360.93,5,20
54482,18931.33,22445.59,16424.89,19167.56,1328.94,1917.09,1177.5,1360.93,5,20
54484,18931.33,22445.59,16424.89,19167.56,1328.94,1917.09,1177.5,1360.93,5,20
54485,18931.33,22445.59,16424.89,19167.56,1328.94,1917.09,1177.5,1360.93,5,20
54486,18931.33,22445.59,16424.89,19167.56,1328.94,1917.09,1177.5,1360.93,5,20
54487,18931.33,22445.59,16424.89,19167.56,1328.94,1917.09,1177.5,1360.93,5,20
54488,18931.33,22445.59,16424.89,19167.56,1328.94,1917.09,1177.5,1360.93,5,20
54489,18931.33,22445.59,16424.89,19167.56,1328.94,1917.09,1177.5,1360.93,5,20
54490,18931.33,22445.59,16424.89,19167.56,1328.94,1917.09,1177.5,1360.93,5,20
54491,18931.33,22445.59,16424.89,19167.56,1328.94,1917.09,1177.5,1360.93,5,20
54492,18931.33,22445.59,16424.89,19167.56,1328.94,1917.09,1177.5,1360.93,5,20
54493,18931.33,22445.59,16424.89,19167.56,1328.94,1917.09,1177.5,1360.93,5,20
54494,18931.33,22445.59,16424.89,19167.56,1328.94,1917.09,1177.5,1360.93,5,20
54495,18931.33,22445.59,16424.89,19167.56,1328.94,1917.09,1177.5,1360.93,5,20
54498,18931.33,22445.59,16424.89,19167.56,1328.94,1917.09,1177.5,1360.93,5,20
54499,18931.33,22445.59,16424.89,19167.56,1328.94,1917.09,1177.5,1360.93,5,20
54501,18931.33,22445.59,16424.89,19167.56,1328.94,1917.09,1177.5,1360.93,5,20
54511,18931.33,22445.59,16424.89,19167.56,1328.94,1917.09,1177.5,1360.93,5,20
54512,18931.33,22445.59,16424.89,19167.56,1328.94,1917.09,1177.5,1360.93,5,20
54513,18931.33,22445.59,16424.89,19167.56,1328.94,1917.09,1177.5,1360.93,5,20
54514,18931.33,22445.59,16424.89,19167.56,1328.94,1917.09,1177.5,1360.93,5,20
54515,18931.33,22445.59,16424.89,19167.56,1328.94,1917.09,1177.5,1360.93,5,20
54517,18931.33,22445.59,16424.89,19167.56,1328.94,1917.09,1177.5,1360.93,5,20
54519,18931.33,22445.59,16424.89,19167.56,1328.94,1917.09,1177.5,1360.93,5,20
54520,18931.33,22445.59,16424.89,19167.56,1328.94,1917.09,1177.5,1360.93,5,20
54521,18931.33,22445.59,16424.89,19167.56,1328.94,1917.09,1177.5,1360.93,5,20
54524,18931.33,22445.59,16424.89,19167.56,1328.94,1917.09,1177.5,1360.93,5,20
54526,18931.33,22445.59,16424.89,19167.56,1328.94,1917.09,1177.5,1360.93,5,20
54527,18931.33,22445.59,16424.89,19167.56,1328.94,1917.09,1177.5,1360.93,5,20
54529,18931.33,22445.59,16424.89,19167.56,1328.94,1917.09,1177.5,1360.93,5,20
54530,18931.33,22445.59,16424.89,19167.56,1328.94,1917.09,1177.5,1360.93,5,20
54531,18931.33,22445.59,16424.89,19167.56,1328.94,1917.09,1177.5,1360.93,5,20
54534,18931.33,22445.59,16424.89,19167.56,1328.94,1917.09,1177.5,1360.93,5,20
54537,18931.33,22445.59,16424.89,19167.56,1328.94,1917.09,1177.5,1360.93,5,20
54538,18931.33,22445.59,16424.89,19167.56,1328.94,1917.09,1177.5,1360.93,5,20
54539,18931.33,22445.59,16424.89,19167.56,1328.94,1917.09,1177.5,1360.93,5,20
54540,18931.33,22445.59,16424.89,19167.56,1328.94,1917.09,1177.5,1360.93,5,20
54541,18931.33,22445.59,16424.89,19167.56,1328.94,1917.09,1177.5,1360.93,5,20
54542,18931.33,22445.59,16424.89,19167.56,1328.94,1917.09,1177.5,1360.93,5,20
54545,18931.33,22445.59,16424.89,19167.56,1328.94,1917.09,1177.5,1360.93,5,20
54546,18931.33,22445.59,16424.89,19167.56,1328.94,1917.09,1177.5,1360.93,5,20
54547,18931.33,22445.59,16424.89,19167.56,1328.94,1917.09,1177.5,1360.93,5,20
54548,18931.33,22445.59,16424.89,19167.56,1328.94,1917.09,1177.5,1360.93,5,20
54550,18931.33,22445.59,16424.89,19167.56,1328.94,1917.09,1177.5,1360.93,5,20
54552,18931.33,22445.59,16424.89,19167.56,1328.94,1917.09,1177.5,1360.93,5,20
54554,18931.33,22445.59,16424.89,19167.56,1328.94,1917.09,1177.5,1360.93,5,20
54555,18931.33,22445.59,16424.89,19167.56,1328.94,1917.09,1177.5,1360.93,5,20
54556,18931.33,22445.59,16424.89,19167.56,1328.94,1917.09,1177.5,1360.93,5,20
54557,18931.33,22445.59,16424.89,19167.56,1328.94,1917.09,1177.5,1360.93,5,20
54558,18931.33,22445.59,16424.89,19167.56,1328.94,1917.09,1177.5,1360.93,5,20
54559,18931.33,22445.59,16424.89,19167.56,1328.94,1917.09,1177.5,1360.93,5,20
54560,18931.33,22445.59,16424.89,19167.56,1328.94,1917.09,1177.5,1360.93,5,20
54562,18931.33,22445.59,16424.89,19167.56,1328.94,1917.09,1177.5,1360.93,5,20
54563,18931.33,22445.59,16424.89,19167.56,1328.94,1917.09,1177.5,1360.93,5,20
54564,18931.33,22445.59,16424.89,19167.56,1328.94,1917.09,1177.5,1360.93,5,20
54566,18931.33,22445.59,16424.89,19167.56,1328.94,1917.09,1177.5,1360.93,5,20
54568,18931.33,22445.59,16424.89,19167.56,1328.94,1917.09,1177.5,1360.93,5,20
54601,18991.74,22532.73,16424.89,19167.56,1389.35,2004.23,1177.5,1360.93,5,20
54603,18991.74,22532.73,16424.89,19167.56,1389.35,2004.23,1177.5,1360.93,5,20
54610,18991.74,22532.73,16424.89,19167.56,1389.35,2004.23,1177.5,1360.93,5,20
54611,18991.74,22532.73,16424.89,19167.56,1389.35,2004.23,1177.5,1360.93,5,20
54612,18991.74,22532.73,16424.89,19167.56,1389.35,2004.23,1177.5,1360.93,5,20
54613,18991.74,22532.73,16424.89,19167.56,1389.35,2004.23,1177.5,1360.93,5,20
54614,18991.74,22532.73,16424.89,19167.56,1389.35,2004.23,1177.5,1360.93,5,20
54615,18991.74,22532.73,16424.89,19167.56,1389.35,2004.23,1177.5,1360.93,5,20
54616,18991.74,22532.73,16424.89,19167.56,1389.35,2004.23,1177.5,1360.93,5,20
54618,18991.74,22532.73,16424.89,19167.56,1389.35,2004.23,1177.5,1360.93,5,20
54619,18991.74,22532.73,16424.89,19167.56,1389.35,2004.23,1177.5,1360.93,5,20
54621,18991.74,22532.73,16424.89,19167.56,1389.35,2004.23,1177.5,1360.93,5,20
54622,18991.74,22532.73,16424.89,19167.56,1389.35,2004.23,1177.5,1360.93,5,20
54623,18991.74,22532.73,16424.89,19167.56,1389.35,2004.23,1177.5,1360.93,5,20
54624,18991.74,22532.73,16424.89,19167.56,1389.35,2004.23,1177.5,1360.93,5,20
54625,18991.74,22532.73,16424.89,19167.56,1389.35,2004.23,1177.5,1360.93,5,20
54626,18991.74,22532.73,16424.89,19167.56,1389.35,2004.23,1177.5,1360.93,5,20
54627,18991.74,22532.73,16424.89,19167.56,1389.35,2004.23,1177.5,1360.93,5,20
54628,18991.74,22532.73,16424.89,19167.56,1389.35,2004.23,1177.5,1360.93,5,20
54629,18991.74,22532.73,16424.89,19167.56,1389.35,2004.23,1177.5,1360.93,5,20
54630,18991.74,22532.73,16424.89,19167.56,1389.35,2004.23,1177.5,1360.93,5,20
54631,18991.74,22532.73,16424.89,19167.56,1389.35,2004.23,1177.5,1360.93,5,20
54632,18991.74,22532.73,16424.89,19167.56,1389.35,2004.23,1177.5,1360.93,5,20
54634,18991.74,22532.73,16424.89,19167.56,1389.35,2004.23,1177.5,1360.93,5,20
54635,18991.74,22532.73,16424.89,19167.56,1389.35,2004.23,1177.5,1360.93,5,20
54636,18991.74,22532.73,16424.89,19167.56,1389.35,2004.23,1177.5,1360.93,5,20
54638,18991.74,22532.73,16424.89,19167.56,1389.35,2004.23,1177.5,1360.93,5,20
54639,18991.74,22532.73,16424.89,19167.56,1389.35,2004.23,1177.5,1360.93,5,20
54642,18991.74,22532.73,16424.89,19167.56,1389.35,2004.23,1177.5,1360.93,5,20
54644,18991.74,22532.73,16424.89,19167.56,1389.35,2004.23,1177.5,1360.93,5,20
54646,18991.74,22532.73,16424.89,19167.56,1389.35,2004.23,1177.5,1360.93,5,20
54648,18991.74,22532.73,16424.89,19167.56,1389.35,2004.23,1177.5,1360.93,5,20
54650,18991.74,22532.73,16424.89,19167.56,1389.35,2004.23,1177.5,1360.93,5,20
54651,18991.74,22532.73,16424.89,19167.56,1389.35,2004.23,1177.5,1360.93,5,20
54652,18991.74,22532.73,16424.89,19167.56,1389.35,2004.23,1177.5,1360.93,5,20
54653,18991.74,22532.73,16424.89,19167.56,1389.35,2004.23,1177.5,1360.93,5,20
54655,18991.74,22532.73,16424.89,19167.56,1389.35,2004.23,1177.5,1360.93,5,20
54656,18991.74,22532.73,16424.89,19167.56,1389.35,2004.23,1177.5,1360.93,5,20
54658,18991.74,22532.73,16424.89,19167.56,1389.35,2004.23,1177.5,1360.93,5,20
54659,18991.74,22532.73,16424.89,19167.56,1389.35,2004.23,1177.5,1360.93,5,20
54660,18991.74,22532.73,16424.89,19167.56,1389.35,2004.23,1177.5,1360.93,5,20
54661,18991.74,22532.73,16424.89,19167.56,1389.35,2004.23,1177.5,1360.93,5,20
54664,18991.74,22532.73,16424.89,19167.56,1389.35,2004.23,1177.5,1360.93,5,20
54665,18991.74,22532.73,16424.89,19167.56,1389.35,2004.23,1177.5,1360.93,5,20
54666,18991.74,22532.73,16424.89,19167.56,1389.35,2004.23,1177.5,1360.93,5,20
54667,18991.74,22532.73,16424.89,19167.56,1389.35,2004.23,1177.5,1360.93,5,20
54669,18991.74,22532.73,16424.89,19167.56,1389.35,2004.23,1177.5,1360.93,5,20
54670,18991.74,22532.73,16424.89,19167.56,1389.35,2004.23,1177.5,1360.93,5,20
54701,18991.74,22532.73,16424.89,19167.56,1389.35,2004.23,1177.5,1360.93,5,20
54703,18991.74,22532.73,16424.89,19167.56,1389.35,2004.23,1177.5,1360.93,5,20
54720,18991.74,22532.73,16424.89,19167.56,1389.35,2004.23,1177.5,1360.93,5,20
54721,18991.74,22532.73,16424.89,19167.56,1389.35,2004.23,1177.5,1360.93,5,20
54722,18991.74,22532.73,16424.89,19167.56,1389.35,2004.23,1177.5,1360.93,5,20
54723,18991.74,22532.73,16424.89,19167.56,1389.35,2004.23,1177.5,1360.93,5,20
54724,18991.74,22532.73,16424.89,19167.56,1389.35,2004.23,1177.5,1360.93,5,20
54725,18991.74,22532.73,16424.89,19167.56,1389.35,2004.23,1177.5,1360.93,5,20
54726,18991.74,22532.73,16424.89,19167.56,1389.35,2004.23,1177.5,1360.93,5,20
54727,18991.74,22532.73,16424.89,19167.56,1389.35,2004.23,1177.5,1360.93,5,20
54728,18991.74,22532.73,16424.89,19167.56,1389.35,2004.23,1177.5,1360.93,5,20
54729,18991.74,22532.73,16424.89,19167.56,1389.35,2004.23,1177.5,1360.93,5,20
54730,18991.74,22532.73,16424.89,19167.56,1389.35,2004.23,1177.5,1360.93,5,20
54731,18991.74,22532.73,16424.89,19167.56,1389.35,2004.23,1177.5,1360.93,5,20
54732,18991.74,22532.73,16424.89,19167.56,1389.35,2004.23,1177.5,1360.93,5,20
54733,18991.74,22532.73,16424.89,19167.56,1389.35,2004.23,1177.5,1360.93,5,20
54736,18991.74,22532.73,16424.89,19167.56,1389.35,2004.23,1177.5,1360.93,5,20
54737,18991.74,22532.73,16424.89,19167.56,1389.35,2004.23,1177.5,1360.93,5,20
54738,18991.74,22532.73,16424.89,19167.56,1389.35,2004.23,1177.5,1360.93,5,20
54739,18991.74,22532.73,16424.89,19167.56,1389.35,2004.23,1177.5,1360.93,5,20
54740,18991.74,22532.73,16424.89,19167.56,1389.35,2004.23,1177.5,1360.93,5,20
54741,18991.74,22532.73,16424.89,19167.56,1389.35,2004.23,1177.5,1360.93,5,20
54742,18991.74,22532.73,16424.89,19167.56,1389.35,2004.23,1177.5,1360.93,5,20
54745,18991.74,22532.73,16424.89,19167.56,1389.35,2004.23,1177.5,1360.93,5,20
54746,18991.74,22532.73,16424.89,19167.56,1389.35,2004.23,1177.5,1360.93,5,20
54747,18991.74,22532.73,16424.89,19167.56,1389.35,2004.23,1177.5,1360.93,5,20
54748,18991.74,22532.73,16424.89,19167.56,1389.35,2004.23,1177.5,1360.93,5,20
54749,18991.74,22532.73,16424.89,19167.56,1389.35,2004.23,1177.5,1360.93,5,20
54750,18991.74,22532.73,16424.89,19167.56,1389.35,2004.23,1177.5,1360.93,5,20
54751,18991.74,22532.73,16424.89,19167.56,1389.35,2004.23,1177.5,1360.93,5,20
54754,18991.74,22532.73,16424.89,19167.56,1389.35,2004.23,1177.5,1360.93,5,20
54755,18991.74,22532.73,16424.89,19167.56,1389.35,2004.23,1177.5,1360.93,5,20
54756,18991.74,22532.73,16424.89,19167.56,1389.35,2004.23,1177.5,1360.93,5,20
54757,18991.74,22532.73,16424.89,19167.56,1389.35,2004.23,1177.5,1360.93,5,20
54758,18991.74,22532.73,16424.89,19167.56,1389.35,2004.23,1177.5,1360.93,5,20
54761,18991.74,22532.73,16424.89,19167.56,1389.35,2004.23,1177.5,1360.93,5,20
54762,18991.74,22532.73,16424.89,19167.56,1389.35,2004.23,1177.5,1360.93,5,20
54763,18991.74,22532.73,16424.89,19167.56,1389.35,2004.23,1177.5,1360.93,5,20
54766,18991.74,22532.73,16424.89,19167.56,1389.35,2004.23,1177.5,1360.93,5,20
54767,18991.74,22532.73,16424.89,19167.56,1389.35,2004.23,1177.5,1360.93,5,20
54768,18991.74,22532.73,16424.89,19167.56,1389.35,2004.23,1177.5,1360.93,5,20
54769,18991.74,22532.73,16424.89,19167.56,1389.35,2004.23,1177.5,1360.93,5,20
54770,18991.74,22532.73,16424.89,19167.56,1389.35,2004.23,1177.5,1360.93,5,20
54771,18991.74,22532.73,16424.89,19167.56,1389.35,2004.23,1177.5,1360.93,5,20
54772,18991.74,22532.73,16424.89,19167.56,1389.35,2004.23,1177.5,1360.93,5,20
54773,18991.74,22532.73,16424.89,19167.56,1389.35,2004.23,1177.5,1360.93,5,20
54774,18991.74,22532.73,16424.89,19167.56,1389.35,2004.23,1177.5,1360.93,5,20
54801,18991.74,22532.73,16424.89,19167.56,1389.35,2004.23,1177.5,1360.93,5,20
54805,18991.74,22532.73,16424.89,19167.56,1389.35,2004.23,1177.5,1360.93,5,20
54806,18991.74,22532.73,16424.89,19167.56,1389.35,2004.23,1177.5,1360.93,5,20
54810,18991.74,22532.73,16424.89,19167.56,1389.35,2004.23,1177.5,1360.93,5,20
54812,18991.74,22532.73,16424.89,19167.56,1389.35,2004.23,1177.5,1360.93,5,20
54813,18991.74,22532.73,16424.89,19167.56,1389.35,2004.23,1177.5,1360.93,5,20
54814,18991.74,22532.73,16424.89,19167.56,1389.35,2004.23,1177.5,1360.93,5,20
54817,18991.74,22532.73,16424.89,19167.56,1389.35,2004.23,1177.5,1360.93,5,20
54819,18991.74,22532.73,16424.89,19167.56,1389.35,2004.23,1177.5,1360.93,5,20
54820,18991.74,22532.73,16424.89,19167.56,1389.35,2004.23,1177.5,1360.93,5,20
54821,18991.74,22532.73,16424.89,19167.56,1389.35,2004.23,1177.5,1360.93,5,20
54822,18991.74,22532.73,16424.89,19167.56,1389.35,2004.23,1177.5,1360.93,5,20
54824,18991.74,22532.73,16424.89,19167.56,1389.35,2004.23,1177.5,1360.93,5,20
54826,18991.74,22532.73,16424.89,19167.56,1389.35,2004.23,1177.5,1360.93,5,20
54827,18991.74,22532.73,16424.89,19167.56,1389.35,2004.23,1177.5,1360.93,5,20
54828,18991.74,22532.73,16424.89,19167.56,1389.35,2004.23,1177.5,1360.93,5,20
54829,18991.74,22532.73,16424.89,19167.56,1389.35,2004.23,1177.5,1360.93,5,20
54830,18991.74,22532.73,16424.89,19167.56,1389.35,2004.23,1177.5,1360.93,5,20
54832,18991.74,22532.73,16424.89,19167.56,1389.35,2004.23,1177.5,1360.93,5,20
54835,18991.74,22532.73,16424.89,19167.56,1389.35,2004.23,1177.5,1360.93,5,20
54837,18991.74,22532.73,16424.89,19167.56,1389.35,2004.23,1177.5,1360.93,5,20
54838,18991.74,22532.73,16424.89,19167.56,1389.35,2004.23,1177.5,1360.93,5,20
54839,18991.74,22532.73,16424.89,19167.56,1389.35,2004.23,1177.5,1360.93,5,20
54840,18991.74,22532.73,16424.89,19167.56,1389.35,2004.23,1177.5,1360.93,5,20
54841,18991.74,22532.73,16424.89,19167.56,1389.35,2004.23,1177.5,1360.93,5,20
54843,18991.74,22532.73,16424.89,19167.56,1389.35,2004.23,1177.5,1360.93,5,20
54844,18991.74,22532.73,16424.89,19167.56,1389.35,2004.23,1177.5,1360.93,5,20
54846,18991.74,22532.73,16424.89,19167.56,1389.35,2004.23,1177.5,1360.93,5,20
54847,18991.74,22532.73,16424.89,19167.56,1389.35,2004.23,1177.5,1360.93,5,20
54848,18991.74,22532.73,16424.89,19167.56,1389.35,2004.23,1177.5,1360.93,5,20
54849,18991.74,22532.73,16424.89,19167.56,1389.35,2004.23,1177.5,1360.93,5,20
54853,18991.74,22532.73,16424.89,19167.56,1389.35,2004.23,1177.5,1360.93,5,20
54854,18991.74,22532.73,16424.89,19167.56,1389.35,2004.23,1177.5,1360.93,5,20
54856,18991.74,22532.73,16424.89,19167.56,1389.35,2004.23,1177.5,1360.93,5,20
54858,18991.74,22532.73,16424.89,19167.56,1389.35,2004.23,1177.5,1360.93,5,20
54859,18991.74,22532.73,16424.89,19167.56,1389.35,2004.23,1177.5,1360.93,5,20
54864,18991.74,22532.73,16424.89,19167.56,1389.35,2004.23,1177.5,1360.93,5,20
54865,18991.74,22532.73,16424.89,19167.56,1389.35,2004.23,1177.5,1360.93,5,20
54867,18991.74,22532.73,16424.89,19167.56,1389.35,2004.23,1177.5,1360.93,5,20
54868,18991.74,22532.73,16424.89,19167.56,1389.35,2004.23,1177.5,1360.93,5,20
54870,18991.74,22532.73,16424.89,19167.56,1389.35,2004.23,1177.5,1360.93,5,20
54871,18991.74,22532.73,16424.89,19167.56,1389.35,2004.23,1177.5,1360.93,5,20
54872,18991.74,22532.73,16424.89,19167.56,1389.35,2004.23,1177.5,1360.93,5,20
54873,18991.74,22532.73,16424.89,19167.56,1389.35,2004.23,1177.5,1360.93,5,20
54874,18991.74,22532.73,16424.89,19167.56,1389.35,2004.23,1177.5,1360.93,5,20
54875,18991.74,22532.73,16424.89,19167.56,1389.35,2004.23,1177.5,1360.93,5,20
54876,18991.74,22532.73,16424.89,19167.56,1389.35,2004.23,1177.5,1360.93,5,20
54880,18991.74,22532.73,16424.89,19167.56,1389.35,2004.23,1177.5,1360.93,5,20
54888,18991.74,22532.73,16424.89,19167.56,1389.35,2004.23,1177.5,1360.93,5,20
54889,18991.74,22532.73,16424.89,19167.56,1389.35,2004.23,1177.5,1360.93,5,20
54891,18991.74,22532.73,16424.89,19167.56,1389.35,2004.23,1177.5,1360.93,5,20
54893,18991.74,22532.73,16424.89,19167.56,1389.35,2004.23,1177.5,1360.93,5,20
54895,18991.74,22532.73,16424.89,19167.56,1389.35,2004.23,1177.5,1360.93,5,20
54896,18991.74,22532.73,16424.89,19167.56,1389.35,2004.23,1177.5,1360.93,5,20
54901,18931.33,22445.59,16424.89,19167.56,1328.94,1917.09,1177.5,1360.93,5,20
54902,18931.33,22445.59,16424.89,19167.56,1328.94,1917.09,1177.5,1360.93,5,20
54904,18931.33,22445.59,16424.89,19167.56,1328.94,1917.09,1177.5,1360.93,5,20
54906,18931.33,22445.59,16424.89,19167.56,1328.94,1917.09,1177.5,1360.93,5,20
54909,18931.33,22445.59,16424.89,19167.56,1328.94,1917.09,1177.5,1360.93,5,20
54911,18931.33,22445.59,16424.89,19167.56,1328.94,1917.09,1177.5,1360.93,5,20
54911,18931.33,22445.59,16424.89,19167.56,1328.94,1917.09,1177.5,1360.93,5,20
54913,18931.33,22445.59,16424.89,19167.56,1328.94,1917.09,1177.5,1360.93,5,20
54914,18931.33,22445.59,16424.89,19167.56,1328.94,1917.09,1177.5,1360.93,5,20
54915,18931.33,22445.59,16424.89,19167.56,1328.94,1917.09,1177.5,1360.93,5,20
54919,18931.33,22445.59,16424.89,19167.56,1328.94,1917.09,1177.5,1360.93,5,20
54921,18931.33,22445.59,16424.89,19167.56,1328.94,1917.09,1177.5,1360.93,5,20
54922,18931.33,22445.59,16424.89,19167.56,1328.94,1917.09,1177.5,1360.93,5,20
54923,18931.33,22445.59,16424.89,19167.56,1328.94,1917.09,1177.5,1360.93,5,20
54928,18931.33,22445.59,16424.89,19167.56,1328.94,1917.09,1177.5,1360.93,5,20
54929,18931.33,22445.59,16424.89,19167.56,1328.94,1917.09,1177.5,1360.93,5,20
54930,18931.33,22445.59,16424.89,19167.56,1328.94,1917.09,1177.5,1360.93,5,20
54932,18931.33,22445.59,16424.89,19167.56,1328.94,1917.09,1177.5,1360.93,5,20
54935,18931.33,22445.59,16424.89,19167.56,1328.94,1917.09,1177.5,1360.93,5,20
54937,18931.33,22445.59,16424.89,19167.56,1328.94,1917.09,1177.5,1360.93,5,20
54940,18931.33,22445.59,16424.89,19167.56,1328.94,1917.09,1177.5,1360.93,5,20
54941,18931.33,22445.59,16424.89,19167.56,1328.94,1917.09,1177.5,1360.93,5,20
54942,18931.33,22445.59,16424.89,19167.56,1328.94,1917.09,1177.5,1360.93,5,20
54943,18931.33,22445.59,16424.89,19167.56,1328.94,1917.09,1177.5,1360.93,5,20
54944,18931.33,22445.59,16424.89,19167.56,1328.94,1917.09,1177.5,1360.93,5,20
54945,18931.33,22445.59,16424.89,19167.56,1328.94,1917.09,1177.5,1360.93,5,20
54947,18931.33,22445.59,16424.89,19167.56,1328.94,1917.09,1177.5,1360.93,5,20
54948,18931.33,22445.59,16424.89,19167.56,1328.94,1917.09,1177.5,1360.93,5,20
54949,18931.33,22445.59,16424.89,19167.56,1328.94,1917.09,1177.5,1360.93,5,20
54950,18931.33,22445.59,16424.89,19167.56,1328.94,1917.09,1177.5,1360.93,5,20
54952,18931.33,22445.59,16424.89,19167.56,1328.94,1917.09,1177.5,1360.93,5,20
54956,18931.33,22445.59,16424.89,19167.56,1328.94,1917.09,1177.5,1360.93,5,20
54960,18931.33,22445.59,16424.89,19167.56,1328.94,1917.09,1177.5,1360.93,5,20
54961,18931.33,22445.59,16424.89,19167.56,1328.94,1917.09,1177.5,1360.93,5,20
54962,18931.33,22445.59,16424.89,19167.56,1328.94,1917.09,1177.5,1360.93,5,20
54963,18931.33,22445.59,16424.89,19167.56,1328.94,1917.09,1177.5,1360.93,5,20
54964,18931.33,22445.59,16424.89,19167.56,1328.94,1917.09,1177.5,1360.93,5,20
54965,18931.33,22445.59,16424.89,19167.56,1328.94,1917.09,1177.5,1360.93,5,20
54966,18931.33,22445.59,16424.89,19167.56,1328.94,1917.09,1177.5,1360.93,5,20
54967,18931.33,22445.59,16424.89,19167.56,1328.94,1917.09,1177.5,1360.93,5,20
54968,18931.33,22445.59,16424.89,19167.56,1328.94,1917.09,1177.5,1360.93,5,20
54970,18931.33,22445.59,16424.89,19167.56,1328.94,1917.09,1177.5,1360.93,5,20
54971,18931.33,22445.59,16424.89,19167.56,1328.94,1917.09,1177.5,1360.93,5,20
54974,18931.33,22445.59,16424.89,19167.56,1328.94,1917.09,1177.5,1360.93,5,20
54977,18931.33,22445.59,16424.89,19167.56,1328.94,1917.09,1177.5,1360.93,5,20
54978,18931.33,22445.59,16424.89,19167.56,1328.94,1917.09,1177.5,1360.93,5,20
54979,18931.33,22445.59,16424.89,19167.56,1328.94,1917.09,1177.5,1360.93,5,20
54981,18931.33,22445.59,16424.89,19167.56,1328.94,1917.09,1177.5,1360.93,5,20
54982,18931.33,22445.59,16424.89,19167.56,1328.94,1917.09,1177.5,1360.93,5,20
54983,18931.33,22445.59,16424.89,19167.56,1328.94,1917.09,1177.5,1360.93,5,20
54984,18931.33,22445.59,16424.89,19167.56,1328.94,1917.09,1177.5,1360.93,5,20
54986,18931.33,22445.59,16424.89,19167.56,1328.94,1917.09,1177.5,1360.93,5,20
