"zipcode","totalcost_low","totalcost_high","systemcost_low","systemcost_high","laborcost_low","laborcost_high","jobsupplycost_low","jobsupplycost_high","size","efficiency"
"53001","$3,109.60","$3,924.12","$1,896.60","$2,213.30","$1,021.52","$1,471.55","$191.48","$239.27","45K","92%+"
"53002","$3,109.60","$3,924.12","$1,896.60","$2,213.30","$1,021.52","$1,471.55","$191.48","$239.27","45K","92%+"
"53004","$3,109.60","$3,924.12","$1,896.60","$2,213.30","$1,021.52","$1,471.55","$191.48","$239.27","45K","92%+"
"53005","$3,109.60","$3,924.12","$1,896.60","$2,213.30","$1,021.52","$1,471.55","$191.48","$239.27","45K","92%+"
"53006","$3,109.60","$3,924.12","$1,896.60","$2,213.30","$1,021.52","$1,471.55","$191.48","$239.27","45K","92%+"
"53007","$3,109.60","$3,924.12","$1,896.60","$2,213.30","$1,021.52","$1,471.55","$191.48","$239.27","45K","92%+"
"53010","$3,109.60","$3,924.12","$1,896.60","$2,213.30","$1,021.52","$1,471.55","$191.48","$239.27","45K","92%+"
"53011","$3,109.60","$3,924.12","$1,896.60","$2,213.30","$1,021.52","$1,471.55","$191.48","$239.27","45K","92%+"
"53012","$3,109.60","$3,924.12","$1,896.60","$2,213.30","$1,021.52","$1,471.55","$191.48","$239.27","45K","92%+"
"53013","$3,109.60","$3,924.12","$1,896.60","$2,213.30","$1,021.52","$1,471.55","$191.48","$239.27","45K","92%+"
"53014","$3,109.60","$3,924.12","$1,896.60","$2,213.30","$1,021.52","$1,471.55","$191.48","$239.27","45K","92%+"
"53015","$3,109.60","$3,924.12","$1,896.60","$2,213.30","$1,021.52","$1,471.55","$191.48","$239.27","45K","92%+"
"53017","$3,109.60","$3,924.12","$1,896.60","$2,213.30","$1,021.52","$1,471.55","$191.48","$239.27","45K","92%+"
"53018","$3,109.60","$3,924.12","$1,896.60","$2,213.30","$1,021.52","$1,471.55","$191.48","$239.27","45K","92%+"
"53019","$3,109.60","$3,924.12","$1,896.60","$2,213.30","$1,021.52","$1,471.55","$191.48","$239.27","45K","92%+"
"53020","$3,109.60","$3,924.12","$1,896.60","$2,213.30","$1,021.52","$1,471.55","$191.48","$239.27","45K","92%+"
"53021","$3,109.60","$3,924.12","$1,896.60","$2,213.30","$1,021.52","$1,471.55","$191.48","$239.27","45K","92%+"
"53022","$3,109.60","$3,924.12","$1,896.60","$2,213.30","$1,021.52","$1,471.55","$191.48","$239.27","45K","92%+"
"53023","$3,109.60","$3,924.12","$1,896.60","$2,213.30","$1,021.52","$1,471.55","$191.48","$239.27","45K","92%+"
"53024","$3,109.60","$3,924.12","$1,896.60","$2,213.30","$1,021.52","$1,471.55","$191.48","$239.27","45K","92%+"
"53027","$3,109.60","$3,924.12","$1,896.60","$2,213.30","$1,021.52","$1,471.55","$191.48","$239.27","45K","92%+"
"53029","$3,109.60","$3,924.12","$1,896.60","$2,213.30","$1,021.52","$1,471.55","$191.48","$239.27","45K","92%+"
"53032","$3,109.60","$3,924.12","$1,896.60","$2,213.30","$1,021.52","$1,471.55","$191.48","$239.27","45K","92%+"
"53033","$3,109.60","$3,924.12","$1,896.60","$2,213.30","$1,021.52","$1,471.55","$191.48","$239.27","45K","92%+"
"53034","$3,109.60","$3,924.12","$1,896.60","$2,213.30","$1,021.52","$1,471.55","$191.48","$239.27","45K","92%+"
"53035","$3,109.60","$3,924.12","$1,896.60","$2,213.30","$1,021.52","$1,471.55","$191.48","$239.27","45K","92%+"
"53036","$3,109.60","$3,924.12","$1,896.60","$2,213.30","$1,021.52","$1,471.55","$191.48","$239.27","45K","92%+"
"53037","$3,109.60","$3,924.12","$1,896.60","$2,213.30","$1,021.52","$1,471.55","$191.48","$239.27","45K","92%+"
"53038","$3,109.60","$3,924.12","$1,896.60","$2,213.30","$1,021.52","$1,471.55","$191.48","$239.27","45K","92%+"
"53039","$3,109.60","$3,924.12","$1,896.60","$2,213.30","$1,021.52","$1,471.55","$191.48","$239.27","45K","92%+"
"53040","$3,109.60","$3,924.12","$1,896.60","$2,213.30","$1,021.52","$1,471.55","$191.48","$239.27","45K","92%+"
"53042","$3,109.60","$3,924.12","$1,896.60","$2,213.30","$1,021.52","$1,471.55","$191.48","$239.27","45K","92%+"
"53044","$3,109.60","$3,924.12","$1,896.60","$2,213.30","$1,021.52","$1,471.55","$191.48","$239.27","45K","92%+"
"53045","$3,109.60","$3,924.12","$1,896.60","$2,213.30","$1,021.52","$1,471.55","$191.48","$239.27","45K","92%+"
"53046","$3,109.60","$3,924.12","$1,896.60","$2,213.30","$1,021.52","$1,471.55","$191.48","$239.27","45K","92%+"
"53048","$3,109.60","$3,924.12","$1,896.60","$2,213.30","$1,021.52","$1,471.55","$191.48","$239.27","45K","92%+"
"53049","$3,109.60","$3,924.12","$1,896.60","$2,213.30","$1,021.52","$1,471.55","$191.48","$239.27","45K","92%+"
"53050","$3,109.60","$3,924.12","$1,896.60","$2,213.30","$1,021.52","$1,471.55","$191.48","$239.27","45K","92%+"
"53051","$3,109.60","$3,924.12","$1,896.60","$2,213.30","$1,021.52","$1,471.55","$191.48","$239.27","45K","92%+"
"53057","$3,109.60","$3,924.12","$1,896.60","$2,213.30","$1,021.52","$1,471.55","$191.48","$239.27","45K","92%+"
"53058","$3,109.60","$3,924.12","$1,896.60","$2,213.30","$1,021.52","$1,471.55","$191.48","$239.27","45K","92%+"
"53059","$3,109.60","$3,924.12","$1,896.60","$2,213.30","$1,021.52","$1,471.55","$191.48","$239.27","45K","92%+"
"53061","$3,109.60","$3,924.12","$1,896.60","$2,213.30","$1,021.52","$1,471.55","$191.48","$239.27","45K","92%+"
"53062","$3,109.60","$3,924.12","$1,896.60","$2,213.30","$1,021.52","$1,471.55","$191.48","$239.27","45K","92%+"
"53063","$3,109.60","$3,924.12","$1,896.60","$2,213.30","$1,021.52","$1,471.55","$191.48","$239.27","45K","92%+"
"53065","$3,109.60","$3,924.12","$1,896.60","$2,213.30","$1,021.52","$1,471.55","$191.48","$239.27","45K","92%+"
"53066","$3,109.60","$3,924.12","$1,896.60","$2,213.30","$1,021.52","$1,471.55","$191.48","$239.27","45K","92%+"
"53069","$3,109.60","$3,924.12","$1,896.60","$2,213.30","$1,021.52","$1,471.55","$191.48","$239.27","45K","92%+"
"53070","$3,109.60","$3,924.12","$1,896.60","$2,213.30","$1,021.52","$1,471.55","$191.48","$239.27","45K","92%+"
"53072","$3,109.60","$3,924.12","$1,896.60","$2,213.30","$1,021.52","$1,471.55","$191.48","$239.27","45K","92%+"
"53072","$3,109.60","$3,924.12","$1,896.60","$2,213.30","$1,021.52","$1,471.55","$191.48","$239.27","45K","92%+"
"53073","$3,109.60","$3,924.12","$1,896.60","$2,213.30","$1,021.52","$1,471.55","$191.48","$239.27","45K","92%+"
"53074","$3,109.60","$3,924.12","$1,896.60","$2,213.30","$1,021.52","$1,471.55","$191.48","$239.27","45K","92%+"
"53075","$3,109.60","$3,924.12","$1,896.60","$2,213.30","$1,021.52","$1,471.55","$191.48","$239.27","45K","92%+"
"53076","$3,109.60","$3,924.12","$1,896.60","$2,213.30","$1,021.52","$1,471.55","$191.48","$239.27","45K","92%+"
"53078","$3,109.60","$3,924.12","$1,896.60","$2,213.30","$1,021.52","$1,471.55","$191.48","$239.27","45K","92%+"
"53079","$3,109.60","$3,924.12","$1,896.60","$2,213.30","$1,021.52","$1,471.55","$191.48","$239.27","45K","92%+"
"53080","$3,109.60","$3,924.12","$1,896.60","$2,213.30","$1,021.52","$1,471.55","$191.48","$239.27","45K","92%+"
"53081","$3,109.60","$3,924.12","$1,896.60","$2,213.30","$1,021.52","$1,471.55","$191.48","$239.27","45K","92%+"
"53083","$3,109.60","$3,924.12","$1,896.60","$2,213.30","$1,021.52","$1,471.55","$191.48","$239.27","45K","92%+"
"53085","$3,109.60","$3,924.12","$1,896.60","$2,213.30","$1,021.52","$1,471.55","$191.48","$239.27","45K","92%+"
"53086","$3,109.60","$3,924.12","$1,896.60","$2,213.30","$1,021.52","$1,471.55","$191.48","$239.27","45K","92%+"
"53089","$3,109.60","$3,924.12","$1,896.60","$2,213.30","$1,021.52","$1,471.55","$191.48","$239.27","45K","92%+"
"53090","$3,109.60","$3,924.12","$1,896.60","$2,213.30","$1,021.52","$1,471.55","$191.48","$239.27","45K","92%+"
"53091","$3,109.60","$3,924.12","$1,896.60","$2,213.30","$1,021.52","$1,471.55","$191.48","$239.27","45K","92%+"
"53092","$3,109.60","$3,924.12","$1,896.60","$2,213.30","$1,021.52","$1,471.55","$191.48","$239.27","45K","92%+"
"53093","$3,109.60","$3,924.12","$1,896.60","$2,213.30","$1,021.52","$1,471.55","$191.48","$239.27","45K","92%+"
"53094","$3,109.60","$3,924.12","$1,896.60","$2,213.30","$1,021.52","$1,471.55","$191.48","$239.27","45K","92%+"
"53094","$3,109.60","$3,924.12","$1,896.60","$2,213.30","$1,021.52","$1,471.55","$191.48","$239.27","45K","92%+"
"53095","$3,109.60","$3,924.12","$1,896.60","$2,213.30","$1,021.52","$1,471.55","$191.48","$239.27","45K","92%+"
"53097","$3,109.60","$3,924.12","$1,896.60","$2,213.30","$1,021.52","$1,471.55","$191.48","$239.27","45K","92%+"
"53098","$3,109.60","$3,924.12","$1,896.60","$2,213.30","$1,021.52","$1,471.55","$191.48","$239.27","45K","92%+"
"53099","$3,109.60","$3,924.12","$1,896.60","$2,213.30","$1,021.52","$1,471.55","$191.48","$239.27","45K","92%+"
"53103","$3,109.60","$3,924.12","$1,896.60","$2,213.30","$1,021.52","$1,471.55","$191.48","$239.27","45K","92%+"
"53104","$3,109.60","$3,924.12","$1,896.60","$2,213.30","$1,021.52","$1,471.55","$191.48","$239.27","45K","92%+"
"53105","$3,109.60","$3,924.12","$1,896.60","$2,213.30","$1,021.52","$1,471.55","$191.48","$239.27","45K","92%+"
"53108","$3,109.60","$3,924.12","$1,896.60","$2,213.30","$1,021.52","$1,471.55","$191.48","$239.27","45K","92%+"
"53110","$3,109.60","$3,924.12","$1,896.60","$2,213.30","$1,021.52","$1,471.55","$191.48","$239.27","45K","92%+"
"53114","$3,109.60","$3,924.12","$1,896.60","$2,213.30","$1,021.52","$1,471.55","$191.48","$239.27","45K","92%+"
"53115","$3,109.60","$3,924.12","$1,896.60","$2,213.30","$1,021.52","$1,471.55","$191.48","$239.27","45K","92%+"
"53118","$3,109.60","$3,924.12","$1,896.60","$2,213.30","$1,021.52","$1,471.55","$191.48","$239.27","45K","92%+"
"53119","$3,109.60","$3,924.12","$1,896.60","$2,213.30","$1,021.52","$1,471.55","$191.48","$239.27","45K","92%+"
"53120","$3,109.60","$3,924.12","$1,896.60","$2,213.30","$1,021.52","$1,471.55","$191.48","$239.27","45K","92%+"
"53121","$3,109.60","$3,924.12","$1,896.60","$2,213.30","$1,021.52","$1,471.55","$191.48","$239.27","45K","92%+"
"53122","$3,109.60","$3,924.12","$1,896.60","$2,213.30","$1,021.52","$1,471.55","$191.48","$239.27","45K","92%+"
"53125","$3,109.60","$3,924.12","$1,896.60","$2,213.30","$1,021.52","$1,471.55","$191.48","$239.27","45K","92%+"
"53126","$3,109.60","$3,924.12","$1,896.60","$2,213.30","$1,021.52","$1,471.55","$191.48","$239.27","45K","92%+"
"53128","$3,109.60","$3,924.12","$1,896.60","$2,213.30","$1,021.52","$1,471.55","$191.48","$239.27","45K","92%+"
"53129","$3,109.60","$3,924.12","$1,896.60","$2,213.30","$1,021.52","$1,471.55","$191.48","$239.27","45K","92%+"
"53130","$3,109.60","$3,924.12","$1,896.60","$2,213.30","$1,021.52","$1,471.55","$191.48","$239.27","45K","92%+"
"53137","$3,109.60","$3,924.12","$1,896.60","$2,213.30","$1,021.52","$1,471.55","$191.48","$239.27","45K","92%+"
"53139","$3,109.60","$3,924.12","$1,896.60","$2,213.30","$1,021.52","$1,471.55","$191.48","$239.27","45K","92%+"
"53140","$3,109.60","$3,924.12","$1,896.60","$2,213.30","$1,021.52","$1,471.55","$191.48","$239.27","45K","92%+"
"53142","$3,109.60","$3,924.12","$1,896.60","$2,213.30","$1,021.52","$1,471.55","$191.48","$239.27","45K","92%+"
"53143","$3,109.60","$3,924.12","$1,896.60","$2,213.30","$1,021.52","$1,471.55","$191.48","$239.27","45K","92%+"
"53144","$3,109.60","$3,924.12","$1,896.60","$2,213.30","$1,021.52","$1,471.55","$191.48","$239.27","45K","92%+"
"53147","$3,109.60","$3,924.12","$1,896.60","$2,213.30","$1,021.52","$1,471.55","$191.48","$239.27","45K","92%+"
"53149","$3,109.60","$3,924.12","$1,896.60","$2,213.30","$1,021.52","$1,471.55","$191.48","$239.27","45K","92%+"
"53150","$3,109.60","$3,924.12","$1,896.60","$2,213.30","$1,021.52","$1,471.55","$191.48","$239.27","45K","92%+"
"53153","$3,109.60","$3,924.12","$1,896.60","$2,213.30","$1,021.52","$1,471.55","$191.48","$239.27","45K","92%+"
"53154","$3,109.60","$3,924.12","$1,896.60","$2,213.30","$1,021.52","$1,471.55","$191.48","$239.27","45K","92%+"
"53156","$3,109.60","$3,924.12","$1,896.60","$2,213.30","$1,021.52","$1,471.55","$191.48","$239.27","45K","92%+"
"53158","$3,109.60","$3,924.12","$1,896.60","$2,213.30","$1,021.52","$1,471.55","$191.48","$239.27","45K","92%+"
"53158","$3,109.60","$3,924.12","$1,896.60","$2,213.30","$1,021.52","$1,471.55","$191.48","$239.27","45K","92%+"
"53168","$3,109.60","$3,924.12","$1,896.60","$2,213.30","$1,021.52","$1,471.55","$191.48","$239.27","45K","92%+"
"53170","$3,109.60","$3,924.12","$1,896.60","$2,213.30","$1,021.52","$1,471.55","$191.48","$239.27","45K","92%+"
"53172","$3,109.60","$3,924.12","$1,896.60","$2,213.30","$1,021.52","$1,471.55","$191.48","$239.27","45K","92%+"
"53177","$3,109.60","$3,924.12","$1,896.60","$2,213.30","$1,021.52","$1,471.55","$191.48","$239.27","45K","92%+"
"53178","$3,109.60","$3,924.12","$1,896.60","$2,213.30","$1,021.52","$1,471.55","$191.48","$239.27","45K","92%+"
"53179","$3,109.60","$3,924.12","$1,896.60","$2,213.30","$1,021.52","$1,471.55","$191.48","$239.27","45K","92%+"
"53181","$3,109.60","$3,924.12","$1,896.60","$2,213.30","$1,021.52","$1,471.55","$191.48","$239.27","45K","92%+"
"53182","$3,109.60","$3,924.12","$1,896.60","$2,213.30","$1,021.52","$1,471.55","$191.48","$239.27","45K","92%+"
"53183","$3,109.60","$3,924.12","$1,896.60","$2,213.30","$1,021.52","$1,471.55","$191.48","$239.27","45K","92%+"
"53184","$3,109.60","$3,924.12","$1,896.60","$2,213.30","$1,021.52","$1,471.55","$191.48","$239.27","45K","92%+"
"53185","$3,109.60","$3,924.12","$1,896.60","$2,213.30","$1,021.52","$1,471.55","$191.48","$239.27","45K","92%+"
"53186","$3,109.60","$3,924.12","$1,896.60","$2,213.30","$1,021.52","$1,471.55","$191.48","$239.27","45K","92%+"
"53188","$3,109.60","$3,924.12","$1,896.60","$2,213.30","$1,021.52","$1,471.55","$191.48","$239.27","45K","92%+"
"53189","$3,109.60","$3,924.12","$1,896.60","$2,213.30","$1,021.52","$1,471.55","$191.48","$239.27","45K","92%+"
"53190","$3,109.60","$3,924.12","$1,896.60","$2,213.30","$1,021.52","$1,471.55","$191.48","$239.27","45K","92%+"
"53191","$3,109.60","$3,924.12","$1,896.60","$2,213.30","$1,021.52","$1,471.55","$191.48","$239.27","45K","92%+"
"53202","$3,109.60","$3,924.12","$1,896.60","$2,213.30","$1,021.52","$1,471.55","$191.48","$239.27","45K","92%+"
"53203","$3,109.60","$3,924.12","$1,896.60","$2,213.30","$1,021.52","$1,471.55","$191.48","$239.27","45K","92%+"
"53204","$3,109.60","$3,924.12","$1,896.60","$2,213.30","$1,021.52","$1,471.55","$191.48","$239.27","45K","92%+"
"53205","$3,109.60","$3,924.12","$1,896.60","$2,213.30","$1,021.52","$1,471.55","$191.48","$239.27","45K","92%+"
"53206","$3,109.60","$3,924.12","$1,896.60","$2,213.30","$1,021.52","$1,471.55","$191.48","$239.27","45K","92%+"
"53207","$3,109.60","$3,924.12","$1,896.60","$2,213.30","$1,021.52","$1,471.55","$191.48","$239.27","45K","92%+"
"53208","$3,109.60","$3,924.12","$1,896.60","$2,213.30","$1,021.52","$1,471.55","$191.48","$239.27","45K","92%+"
"53209","$3,109.60","$3,924.12","$1,896.60","$2,213.30","$1,021.52","$1,471.55","$191.48","$239.27","45K","92%+"
"53210","$3,109.60","$3,924.12","$1,896.60","$2,213.30","$1,021.52","$1,471.55","$191.48","$239.27","45K","92%+"
"53211","$3,109.60","$3,924.12","$1,896.60","$2,213.30","$1,021.52","$1,471.55","$191.48","$239.27","45K","92%+"
"53212","$3,109.60","$3,924.12","$1,896.60","$2,213.30","$1,021.52","$1,471.55","$191.48","$239.27","45K","92%+"
"53213","$3,109.60","$3,924.12","$1,896.60","$2,213.30","$1,021.52","$1,471.55","$191.48","$239.27","45K","92%+"
"53214","$3,109.60","$3,924.12","$1,896.60","$2,213.30","$1,021.52","$1,471.55","$191.48","$239.27","45K","92%+"
"53215","$3,109.60","$3,924.12","$1,896.60","$2,213.30","$1,021.52","$1,471.55","$191.48","$239.27","45K","92%+"
"53216","$3,109.60","$3,924.12","$1,896.60","$2,213.30","$1,021.52","$1,471.55","$191.48","$239.27","45K","92%+"
"53217","$3,109.60","$3,924.12","$1,896.60","$2,213.30","$1,021.52","$1,471.55","$191.48","$239.27","45K","92%+"
"53218","$3,109.60","$3,924.12","$1,896.60","$2,213.30","$1,021.52","$1,471.55","$191.48","$239.27","45K","92%+"
"53219","$3,109.60","$3,924.12","$1,896.60","$2,213.30","$1,021.52","$1,471.55","$191.48","$239.27","45K","92%+"
"53220","$3,109.60","$3,924.12","$1,896.60","$2,213.30","$1,021.52","$1,471.55","$191.48","$239.27","45K","92%+"
"53221","$3,109.60","$3,924.12","$1,896.60","$2,213.30","$1,021.52","$1,471.55","$191.48","$239.27","45K","92%+"
"53222","$3,109.60","$3,924.12","$1,896.60","$2,213.30","$1,021.52","$1,471.55","$191.48","$239.27","45K","92%+"
"53223","$3,109.60","$3,924.12","$1,896.60","$2,213.30","$1,021.52","$1,471.55","$191.48","$239.27","45K","92%+"
"53224","$3,109.60","$3,924.12","$1,896.60","$2,213.30","$1,021.52","$1,471.55","$191.48","$239.27","45K","92%+"
"53225","$3,109.60","$3,924.12","$1,896.60","$2,213.30","$1,021.52","$1,471.55","$191.48","$239.27","45K","92%+"
"53226","$3,109.60","$3,924.12","$1,896.60","$2,213.30","$1,021.52","$1,471.55","$191.48","$239.27","45K","92%+"
"53227","$3,109.60","$3,924.12","$1,896.60","$2,213.30","$1,021.52","$1,471.55","$191.48","$239.27","45K","92%+"
"53228","$3,109.60","$3,924.12","$1,896.60","$2,213.30","$1,021.52","$1,471.55","$191.48","$239.27","45K","92%+"
"53233","$3,109.60","$3,924.12","$1,896.60","$2,213.30","$1,021.52","$1,471.55","$191.48","$239.27","45K","92%+"
"53235","$3,109.60","$3,924.12","$1,896.60","$2,213.30","$1,021.52","$1,471.55","$191.48","$239.27","45K","92%+"
"53259","$3,109.60","$3,924.12","$1,896.60","$2,213.30","$1,021.52","$1,471.55","$191.48","$239.27","45K","92%+"
"53263","$3,109.60","$3,924.12","$1,896.60","$2,213.30","$1,021.52","$1,471.55","$191.48","$239.27","45K","92%+"
"53274","$3,109.60","$3,924.12","$1,896.60","$2,213.30","$1,021.52","$1,471.55","$191.48","$239.27","45K","92%+"
"53278","$3,109.60","$3,924.12","$1,896.60","$2,213.30","$1,021.52","$1,471.55","$191.48","$239.27","45K","92%+"
"53288","$3,109.60","$3,924.12","$1,896.60","$2,213.30","$1,021.52","$1,471.55","$191.48","$239.27","45K","92%+"
"53290","$3,109.60","$3,924.12","$1,896.60","$2,213.30","$1,021.52","$1,471.55","$191.48","$239.27","45K","92%+"
"53293","$3,109.60","$3,924.12","$1,896.60","$2,213.30","$1,021.52","$1,471.55","$191.48","$239.27","45K","92%+"
"53295","$3,109.60","$3,924.12","$1,896.60","$2,213.30","$1,021.52","$1,471.55","$191.48","$239.27","45K","92%+"
"53402","$3,109.60","$3,924.12","$1,896.60","$2,213.30","$1,021.52","$1,471.55","$191.48","$239.27","45K","92%+"
"53403","$3,109.60","$3,924.12","$1,896.60","$2,213.30","$1,021.52","$1,471.55","$191.48","$239.27","45K","92%+"
"53404","$3,109.60","$3,924.12","$1,896.60","$2,213.30","$1,021.52","$1,471.55","$191.48","$239.27","45K","92%+"
"53405","$3,109.60","$3,924.12","$1,896.60","$2,213.30","$1,021.52","$1,471.55","$191.48","$239.27","45K","92%+"
"53406","$3,109.60","$3,924.12","$1,896.60","$2,213.30","$1,021.52","$1,471.55","$191.48","$239.27","45K","92%+"
"53407","$3,109.60","$3,924.12","$1,896.60","$2,213.30","$1,021.52","$1,471.55","$191.48","$239.27","45K","92%+"
"53502","$3,109.60","$3,924.12","$1,896.60","$2,213.30","$1,021.52","$1,471.55","$191.48","$239.27","45K","92%+"
"53503","$3,109.60","$3,924.12","$1,896.60","$2,213.30","$1,021.52","$1,471.55","$191.48","$239.27","45K","92%+"
"53504","$3,109.60","$3,924.12","$1,896.60","$2,213.30","$1,021.52","$1,471.55","$191.48","$239.27","45K","92%+"
"53505","$3,109.60","$3,924.12","$1,896.60","$2,213.30","$1,021.52","$1,471.55","$191.48","$239.27","45K","92%+"
"53506","$3,109.60","$3,924.12","$1,896.60","$2,213.30","$1,021.52","$1,471.55","$191.48","$239.27","45K","92%+"
"53507","$3,109.60","$3,924.12","$1,896.60","$2,213.30","$1,021.52","$1,471.55","$191.48","$239.27","45K","92%+"
"53508","$3,109.60","$3,924.12","$1,896.60","$2,213.30","$1,021.52","$1,471.55","$191.48","$239.27","45K","92%+"
"53510","$3,109.60","$3,924.12","$1,896.60","$2,213.30","$1,021.52","$1,471.55","$191.48","$239.27","45K","92%+"
"53511","$3,109.60","$3,924.12","$1,896.60","$2,213.30","$1,021.52","$1,471.55","$191.48","$239.27","45K","92%+"
"53515","$3,109.60","$3,924.12","$1,896.60","$2,213.30","$1,021.52","$1,471.55","$191.48","$239.27","45K","92%+"
"53516","$3,109.60","$3,924.12","$1,896.60","$2,213.30","$1,021.52","$1,471.55","$191.48","$239.27","45K","92%+"
"53517","$3,109.60","$3,924.12","$1,896.60","$2,213.30","$1,021.52","$1,471.55","$191.48","$239.27","45K","92%+"
"53518","$3,109.60","$3,924.12","$1,896.60","$2,213.30","$1,021.52","$1,471.55","$191.48","$239.27","45K","92%+"
"53520","$3,109.60","$3,924.12","$1,896.60","$2,213.30","$1,021.52","$1,471.55","$191.48","$239.27","45K","92%+"
"53521","$3,109.60","$3,924.12","$1,896.60","$2,213.30","$1,021.52","$1,471.55","$191.48","$239.27","45K","92%+"
"53522","$3,109.60","$3,924.12","$1,896.60","$2,213.30","$1,021.52","$1,471.55","$191.48","$239.27","45K","92%+"
"53523","$3,109.60","$3,924.12","$1,896.60","$2,213.30","$1,021.52","$1,471.55","$191.48","$239.27","45K","92%+"
"53525","$3,109.60","$3,924.12","$1,896.60","$2,213.30","$1,021.52","$1,471.55","$191.48","$239.27","45K","92%+"
"53526","$3,109.60","$3,924.12","$1,896.60","$2,213.30","$1,021.52","$1,471.55","$191.48","$239.27","45K","92%+"
"53527","$3,109.60","$3,924.12","$1,896.60","$2,213.30","$1,021.52","$1,471.55","$191.48","$239.27","45K","92%+"
"53528","$3,109.60","$3,924.12","$1,896.60","$2,213.30","$1,021.52","$1,471.55","$191.48","$239.27","45K","92%+"
"53529","$3,109.60","$3,924.12","$1,896.60","$2,213.30","$1,021.52","$1,471.55","$191.48","$239.27","45K","92%+"
"53530","$3,109.60","$3,924.12","$1,896.60","$2,213.30","$1,021.52","$1,471.55","$191.48","$239.27","45K","92%+"
"53531","$3,109.60","$3,924.12","$1,896.60","$2,213.30","$1,021.52","$1,471.55","$191.48","$239.27","45K","92%+"
"53532","$3,109.60","$3,924.12","$1,896.60","$2,213.30","$1,021.52","$1,471.55","$191.48","$239.27","45K","92%+"
"53533","$3,109.60","$3,924.12","$1,896.60","$2,213.30","$1,021.52","$1,471.55","$191.48","$239.27","45K","92%+"
"53534","$3,109.60","$3,924.12","$1,896.60","$2,213.30","$1,021.52","$1,471.55","$191.48","$239.27","45K","92%+"
"53536","$3,109.60","$3,924.12","$1,896.60","$2,213.30","$1,021.52","$1,471.55","$191.48","$239.27","45K","92%+"
"53538","$3,109.60","$3,924.12","$1,896.60","$2,213.30","$1,021.52","$1,471.55","$191.48","$239.27","45K","92%+"
"53541","$3,109.60","$3,924.12","$1,896.60","$2,213.30","$1,021.52","$1,471.55","$191.48","$239.27","45K","92%+"
"53543","$3,109.60","$3,924.12","$1,896.60","$2,213.30","$1,021.52","$1,471.55","$191.48","$239.27","45K","92%+"
"53544","$3,109.60","$3,924.12","$1,896.60","$2,213.30","$1,021.52","$1,471.55","$191.48","$239.27","45K","92%+"
"53545","$3,109.60","$3,924.12","$1,896.60","$2,213.30","$1,021.52","$1,471.55","$191.48","$239.27","45K","92%+"
"53546","$3,109.60","$3,924.12","$1,896.60","$2,213.30","$1,021.52","$1,471.55","$191.48","$239.27","45K","92%+"
"53548","$3,109.60","$3,924.12","$1,896.60","$2,213.30","$1,021.52","$1,471.55","$191.48","$239.27","45K","92%+"
"53549","$3,109.60","$3,924.12","$1,896.60","$2,213.30","$1,021.52","$1,471.55","$191.48","$239.27","45K","92%+"
"53550","$3,109.60","$3,924.12","$1,896.60","$2,213.30","$1,021.52","$1,471.55","$191.48","$239.27","45K","92%+"
"53551","$3,109.60","$3,924.12","$1,896.60","$2,213.30","$1,021.52","$1,471.55","$191.48","$239.27","45K","92%+"
"53553","$3,109.60","$3,924.12","$1,896.60","$2,213.30","$1,021.52","$1,471.55","$191.48","$239.27","45K","92%+"
"53554","$3,109.60","$3,924.12","$1,896.60","$2,213.30","$1,021.52","$1,471.55","$191.48","$239.27","45K","92%+"
"53555","$3,109.60","$3,924.12","$1,896.60","$2,213.30","$1,021.52","$1,471.55","$191.48","$239.27","45K","92%+"
"53556","$3,109.60","$3,924.12","$1,896.60","$2,213.30","$1,021.52","$1,471.55","$191.48","$239.27","45K","92%+"
"53557","$3,109.60","$3,924.12","$1,896.60","$2,213.30","$1,021.52","$1,471.55","$191.48","$239.27","45K","92%+"
"53558","$3,109.60","$3,924.12","$1,896.60","$2,213.30","$1,021.52","$1,471.55","$191.48","$239.27","45K","92%+"
"53559","$3,109.60","$3,924.12","$1,896.60","$2,213.30","$1,021.52","$1,471.55","$191.48","$239.27","45K","92%+"
"53560","$3,109.60","$3,924.12","$1,896.60","$2,213.30","$1,021.52","$1,471.55","$191.48","$239.27","45K","92%+"
"53561","$3,109.60","$3,924.12","$1,896.60","$2,213.30","$1,021.52","$1,471.55","$191.48","$239.27","45K","92%+"
"53563","$3,109.60","$3,924.12","$1,896.60","$2,213.30","$1,021.52","$1,471.55","$191.48","$239.27","45K","92%+"
"53565","$3,109.60","$3,924.12","$1,896.60","$2,213.30","$1,021.52","$1,471.55","$191.48","$239.27","45K","92%+"
"53566","$3,109.60","$3,924.12","$1,896.60","$2,213.30","$1,021.52","$1,471.55","$191.48","$239.27","45K","92%+"
"53569","$3,109.60","$3,924.12","$1,896.60","$2,213.30","$1,021.52","$1,471.55","$191.48","$239.27","45K","92%+"
"53570","$3,109.60","$3,924.12","$1,896.60","$2,213.30","$1,021.52","$1,471.55","$191.48","$239.27","45K","92%+"
"53572","$3,109.60","$3,924.12","$1,896.60","$2,213.30","$1,021.52","$1,471.55","$191.48","$239.27","45K","92%+"
"53573","$3,109.60","$3,924.12","$1,896.60","$2,213.30","$1,021.52","$1,471.55","$191.48","$239.27","45K","92%+"
"53574","$3,109.60","$3,924.12","$1,896.60","$2,213.30","$1,021.52","$1,471.55","$191.48","$239.27","45K","92%+"
"53575","$3,109.60","$3,924.12","$1,896.60","$2,213.30","$1,021.52","$1,471.55","$191.48","$239.27","45K","92%+"
"53576","$3,109.60","$3,924.12","$1,896.60","$2,213.30","$1,021.52","$1,471.55","$191.48","$239.27","45K","92%+"
"53577","$3,109.60","$3,924.12","$1,896.60","$2,213.30","$1,021.52","$1,471.55","$191.48","$239.27","45K","92%+"
"53578","$3,109.60","$3,924.12","$1,896.60","$2,213.30","$1,021.52","$1,471.55","$191.48","$239.27","45K","92%+"
"53579","$3,109.60","$3,924.12","$1,896.60","$2,213.30","$1,021.52","$1,471.55","$191.48","$239.27","45K","92%+"
"53580","$3,109.60","$3,924.12","$1,896.60","$2,213.30","$1,021.52","$1,471.55","$191.48","$239.27","45K","92%+"
"53581","$3,109.60","$3,924.12","$1,896.60","$2,213.30","$1,021.52","$1,471.55","$191.48","$239.27","45K","92%+"
"53582","$3,109.60","$3,924.12","$1,896.60","$2,213.30","$1,021.52","$1,471.55","$191.48","$239.27","45K","92%+"
"53583","$3,109.60","$3,924.12","$1,896.60","$2,213.30","$1,021.52","$1,471.55","$191.48","$239.27","45K","92%+"
"53585","$3,109.60","$3,924.12","$1,896.60","$2,213.30","$1,021.52","$1,471.55","$191.48","$239.27","45K","92%+"
"53586","$3,109.60","$3,924.12","$1,896.60","$2,213.30","$1,021.52","$1,471.55","$191.48","$239.27","45K","92%+"
"53587","$3,109.60","$3,924.12","$1,896.60","$2,213.30","$1,021.52","$1,471.55","$191.48","$239.27","45K","92%+"
"53588","$3,109.60","$3,924.12","$1,896.60","$2,213.30","$1,021.52","$1,471.55","$191.48","$239.27","45K","92%+"
"53589","$3,109.60","$3,924.12","$1,896.60","$2,213.30","$1,021.52","$1,471.55","$191.48","$239.27","45K","92%+"
"53590","$3,109.60","$3,924.12","$1,896.60","$2,213.30","$1,021.52","$1,471.55","$191.48","$239.27","45K","92%+"
"53594","$3,109.60","$3,924.12","$1,896.60","$2,213.30","$1,021.52","$1,471.55","$191.48","$239.27","45K","92%+"
"53595","$3,109.60","$3,924.12","$1,896.60","$2,213.30","$1,021.52","$1,471.55","$191.48","$239.27","45K","92%+"
"53596","$3,109.60","$3,924.12","$1,896.60","$2,213.30","$1,021.52","$1,471.55","$191.48","$239.27","45K","92%+"
"53597","$3,109.60","$3,924.12","$1,896.60","$2,213.30","$1,021.52","$1,471.55","$191.48","$239.27","45K","92%+"
"53598","$3,109.60","$3,924.12","$1,896.60","$2,213.30","$1,021.52","$1,471.55","$191.48","$239.27","45K","92%+"
"53702","$3,109.60","$3,924.12","$1,896.60","$2,213.30","$1,021.52","$1,471.55","$191.48","$239.27","45K","92%+"
"53703","$3,109.60","$3,924.12","$1,896.60","$2,213.30","$1,021.52","$1,471.55","$191.48","$239.27","45K","92%+"
"53704","$3,109.60","$3,924.12","$1,896.60","$2,213.30","$1,021.52","$1,471.55","$191.48","$239.27","45K","92%+"
"53705","$3,109.60","$3,924.12","$1,896.60","$2,213.30","$1,021.52","$1,471.55","$191.48","$239.27","45K","92%+"
"53706","$3,109.60","$3,924.12","$1,896.60","$2,213.30","$1,021.52","$1,471.55","$191.48","$239.27","45K","92%+"
"53711","$3,109.60","$3,924.12","$1,896.60","$2,213.30","$1,021.52","$1,471.55","$191.48","$239.27","45K","92%+"
"53713","$3,109.60","$3,924.12","$1,896.60","$2,213.30","$1,021.52","$1,471.55","$191.48","$239.27","45K","92%+"
"53714","$3,109.60","$3,924.12","$1,896.60","$2,213.30","$1,021.52","$1,471.55","$191.48","$239.27","45K","92%+"
"53715","$3,109.60","$3,924.12","$1,896.60","$2,213.30","$1,021.52","$1,471.55","$191.48","$239.27","45K","92%+"
"53716","$3,109.60","$3,924.12","$1,896.60","$2,213.30","$1,021.52","$1,471.55","$191.48","$239.27","45K","92%+"
"53717","$3,109.60","$3,924.12","$1,896.60","$2,213.30","$1,021.52","$1,471.55","$191.48","$239.27","45K","92%+"
"53718","$3,109.60","$3,924.12","$1,896.60","$2,213.30","$1,021.52","$1,471.55","$191.48","$239.27","45K","92%+"
"53719","$3,109.60","$3,924.12","$1,896.60","$2,213.30","$1,021.52","$1,471.55","$191.48","$239.27","45K","92%+"
"53726","$3,109.60","$3,924.12","$1,896.60","$2,213.30","$1,021.52","$1,471.55","$191.48","$239.27","45K","92%+"
"53774","$3,109.60","$3,924.12","$1,896.60","$2,213.30","$1,021.52","$1,471.55","$191.48","$239.27","45K","92%+"
"53777","$3,109.60","$3,924.12","$1,896.60","$2,213.30","$1,021.52","$1,471.55","$191.48","$239.27","45K","92%+"
"53782","$3,109.60","$3,924.12","$1,896.60","$2,213.30","$1,021.52","$1,471.55","$191.48","$239.27","45K","92%+"
"53783","$3,109.60","$3,924.12","$1,896.60","$2,213.30","$1,021.52","$1,471.55","$191.48","$239.27","45K","92%+"
"53784","$3,109.60","$3,924.12","$1,896.60","$2,213.30","$1,021.52","$1,471.55","$191.48","$239.27","45K","92%+"
"53785","$3,109.60","$3,924.12","$1,896.60","$2,213.30","$1,021.52","$1,471.55","$191.48","$239.27","45K","92%+"
"53786","$3,109.60","$3,924.12","$1,896.60","$2,213.30","$1,021.52","$1,471.55","$191.48","$239.27","45K","92%+"
"53788","$3,109.60","$3,924.12","$1,896.60","$2,213.30","$1,021.52","$1,471.55","$191.48","$239.27","45K","92%+"
"53790","$3,109.60","$3,924.12","$1,896.60","$2,213.30","$1,021.52","$1,471.55","$191.48","$239.27","45K","92%+"
"53791","$3,109.60","$3,924.12","$1,896.60","$2,213.30","$1,021.52","$1,471.55","$191.48","$239.27","45K","92%+"
"53792","$3,109.60","$3,924.12","$1,896.60","$2,213.30","$1,021.52","$1,471.55","$191.48","$239.27","45K","92%+"
"53793","$3,109.60","$3,924.12","$1,896.60","$2,213.30","$1,021.52","$1,471.55","$191.48","$239.27","45K","92%+"
"53794","$3,109.60","$3,924.12","$1,896.60","$2,213.30","$1,021.52","$1,471.55","$191.48","$239.27","45K","92%+"
"53801","$3,109.60","$3,924.12","$1,896.60","$2,213.30","$1,021.52","$1,471.55","$191.48","$239.27","45K","92%+"
"53803","$3,109.60","$3,924.12","$1,896.60","$2,213.30","$1,021.52","$1,471.55","$191.48","$239.27","45K","92%+"
"53804","$3,109.60","$3,924.12","$1,896.60","$2,213.30","$1,021.52","$1,471.55","$191.48","$239.27","45K","92%+"
"53805","$3,109.60","$3,924.12","$1,896.60","$2,213.30","$1,021.52","$1,471.55","$191.48","$239.27","45K","92%+"
"53806","$3,109.60","$3,924.12","$1,896.60","$2,213.30","$1,021.52","$1,471.55","$191.48","$239.27","45K","92%+"
"53807","$3,109.60","$3,924.12","$1,896.60","$2,213.30","$1,021.52","$1,471.55","$191.48","$239.27","45K","92%+"
"53809","$3,109.60","$3,924.12","$1,896.60","$2,213.30","$1,021.52","$1,471.55","$191.48","$239.27","45K","92%+"
"53810","$3,109.60","$3,924.12","$1,896.60","$2,213.30","$1,021.52","$1,471.55","$191.48","$239.27","45K","92%+"
"53811","$3,109.60","$3,924.12","$1,896.60","$2,213.30","$1,021.52","$1,471.55","$191.48","$239.27","45K","92%+"
"53813","$3,109.60","$3,924.12","$1,896.60","$2,213.30","$1,021.52","$1,471.55","$191.48","$239.27","45K","92%+"
"53816","$3,109.60","$3,924.12","$1,896.60","$2,213.30","$1,021.52","$1,471.55","$191.48","$239.27","45K","92%+"
"53818","$3,109.60","$3,924.12","$1,896.60","$2,213.30","$1,021.52","$1,471.55","$191.48","$239.27","45K","92%+"
"53820","$3,109.60","$3,924.12","$1,896.60","$2,213.30","$1,021.52","$1,471.55","$191.48","$239.27","45K","92%+"
"53821","$3,109.60","$3,924.12","$1,896.60","$2,213.30","$1,021.52","$1,471.55","$191.48","$239.27","45K","92%+"
"53825","$3,109.60","$3,924.12","$1,896.60","$2,213.30","$1,021.52","$1,471.55","$191.48","$239.27","45K","92%+"
"53826","$3,109.60","$3,924.12","$1,896.60","$2,213.30","$1,021.52","$1,471.55","$191.48","$239.27","45K","92%+"
"53901","$3,109.60","$3,924.12","$1,896.60","$2,213.30","$1,021.52","$1,471.55","$191.48","$239.27","45K","92%+"
"53910","$3,109.60","$3,924.12","$1,896.60","$2,213.30","$1,021.52","$1,471.55","$191.48","$239.27","45K","92%+"
"53911","$3,109.60","$3,924.12","$1,896.60","$2,213.30","$1,021.52","$1,471.55","$191.48","$239.27","45K","92%+"
"53913","$3,109.60","$3,924.12","$1,896.60","$2,213.30","$1,021.52","$1,471.55","$191.48","$239.27","45K","92%+"
"53916","$3,109.60","$3,924.12","$1,896.60","$2,213.30","$1,021.52","$1,471.55","$191.48","$239.27","45K","92%+"
"53919","$3,109.60","$3,924.12","$1,896.60","$2,213.30","$1,021.52","$1,471.55","$191.48","$239.27","45K","92%+"
"53920","$3,109.60","$3,924.12","$1,896.60","$2,213.30","$1,021.52","$1,471.55","$191.48","$239.27","45K","92%+"
"53922","$3,109.60","$3,924.12","$1,896.60","$2,213.30","$1,021.52","$1,471.55","$191.48","$239.27","45K","92%+"
"53923","$3,109.60","$3,924.12","$1,896.60","$2,213.30","$1,021.52","$1,471.55","$191.48","$239.27","45K","92%+"
"53923","$3,109.60","$3,924.12","$1,896.60","$2,213.30","$1,021.52","$1,471.55","$191.48","$239.27","45K","92%+"
"53924","$3,109.60","$3,924.12","$1,896.60","$2,213.30","$1,021.52","$1,471.55","$191.48","$239.27","45K","92%+"
"53925","$3,109.60","$3,924.12","$1,896.60","$2,213.30","$1,021.52","$1,471.55","$191.48","$239.27","45K","92%+"
"53926","$3,109.60","$3,924.12","$1,896.60","$2,213.30","$1,021.52","$1,471.55","$191.48","$239.27","45K","92%+"
"53929","$3,109.60","$3,924.12","$1,896.60","$2,213.30","$1,021.52","$1,471.55","$191.48","$239.27","45K","92%+"
"53930","$3,109.60","$3,924.12","$1,896.60","$2,213.30","$1,021.52","$1,471.55","$191.48","$239.27","45K","92%+"
"53932","$3,109.60","$3,924.12","$1,896.60","$2,213.30","$1,021.52","$1,471.55","$191.48","$239.27","45K","92%+"
"53933","$3,109.60","$3,924.12","$1,896.60","$2,213.30","$1,021.52","$1,471.55","$191.48","$239.27","45K","92%+"
"53934","$3,109.60","$3,924.12","$1,896.60","$2,213.30","$1,021.52","$1,471.55","$191.48","$239.27","45K","92%+"
"53936","$3,109.60","$3,924.12","$1,896.60","$2,213.30","$1,021.52","$1,471.55","$191.48","$239.27","45K","92%+"
"53937","$3,109.60","$3,924.12","$1,896.60","$2,213.30","$1,021.52","$1,471.55","$191.48","$239.27","45K","92%+"
"53941","$3,109.60","$3,924.12","$1,896.60","$2,213.30","$1,021.52","$1,471.55","$191.48","$239.27","45K","92%+"
"53943","$3,109.60","$3,924.12","$1,896.60","$2,213.30","$1,021.52","$1,471.55","$191.48","$239.27","45K","92%+"
"53944","$3,109.60","$3,924.12","$1,896.60","$2,213.30","$1,021.52","$1,471.55","$191.48","$239.27","45K","92%+"
"53946","$3,109.60","$3,924.12","$1,896.60","$2,213.30","$1,021.52","$1,471.55","$191.48","$239.27","45K","92%+"
"53948","$3,109.60","$3,924.12","$1,896.60","$2,213.30","$1,021.52","$1,471.55","$191.48","$239.27","45K","92%+"
"53949","$3,109.60","$3,924.12","$1,896.60","$2,213.30","$1,021.52","$1,471.55","$191.48","$239.27","45K","92%+"
"53950","$3,109.60","$3,924.12","$1,896.60","$2,213.30","$1,021.52","$1,471.55","$191.48","$239.27","45K","92%+"
"53951","$3,109.60","$3,924.12","$1,896.60","$2,213.30","$1,021.52","$1,471.55","$191.48","$239.27","45K","92%+"
"53952","$3,109.60","$3,924.12","$1,896.60","$2,213.30","$1,021.52","$1,471.55","$191.48","$239.27","45K","92%+"
"53954","$3,109.60","$3,924.12","$1,896.60","$2,213.30","$1,021.52","$1,471.55","$191.48","$239.27","45K","92%+"
"53955","$3,109.60","$3,924.12","$1,896.60","$2,213.30","$1,021.52","$1,471.55","$191.48","$239.27","45K","92%+"
"53956","$3,109.60","$3,924.12","$1,896.60","$2,213.30","$1,021.52","$1,471.55","$191.48","$239.27","45K","92%+"
"53957","$3,109.60","$3,924.12","$1,896.60","$2,213.30","$1,021.52","$1,471.55","$191.48","$239.27","45K","92%+"
"53958","$3,109.60","$3,924.12","$1,896.60","$2,213.30","$1,021.52","$1,471.55","$191.48","$239.27","45K","92%+"
"53959","$3,109.60","$3,924.12","$1,896.60","$2,213.30","$1,021.52","$1,471.55","$191.48","$239.27","45K","92%+"
"53960","$3,109.60","$3,924.12","$1,896.60","$2,213.30","$1,021.52","$1,471.55","$191.48","$239.27","45K","92%+"
"53961","$3,109.60","$3,924.12","$1,896.60","$2,213.30","$1,021.52","$1,471.55","$191.48","$239.27","45K","92%+"
"53963","$3,109.60","$3,924.12","$1,896.60","$2,213.30","$1,021.52","$1,471.55","$191.48","$239.27","45K","92%+"
"53964","$3,109.60","$3,924.12","$1,896.60","$2,213.30","$1,021.52","$1,471.55","$191.48","$239.27","45K","92%+"
"53965","$3,109.60","$3,924.12","$1,896.60","$2,213.30","$1,021.52","$1,471.55","$191.48","$239.27","45K","92%+"
"53968","$3,109.60","$3,924.12","$1,896.60","$2,213.30","$1,021.52","$1,471.55","$191.48","$239.27","45K","92%+"
"54001","$3,109.60","$3,924.12","$1,896.60","$2,213.30","$1,021.52","$1,471.55","$191.48","$239.27","45K","92%+"
"54002","$3,109.60","$3,924.12","$1,896.60","$2,213.30","$1,021.52","$1,471.55","$191.48","$239.27","45K","92%+"
"54003","$3,109.60","$3,924.12","$1,896.60","$2,213.30","$1,021.52","$1,471.55","$191.48","$239.27","45K","92%+"
"54004","$3,109.60","$3,924.12","$1,896.60","$2,213.30","$1,021.52","$1,471.55","$191.48","$239.27","45K","92%+"
"54005","$3,109.60","$3,924.12","$1,896.60","$2,213.30","$1,021.52","$1,471.55","$191.48","$239.27","45K","92%+"
"54006","$3,109.60","$3,924.12","$1,896.60","$2,213.30","$1,021.52","$1,471.55","$191.48","$239.27","45K","92%+"
"54007","$3,109.60","$3,924.12","$1,896.60","$2,213.30","$1,021.52","$1,471.55","$191.48","$239.27","45K","92%+"
"54009","$3,109.60","$3,924.12","$1,896.60","$2,213.30","$1,021.52","$1,471.55","$191.48","$239.27","45K","92%+"
"54011","$3,109.60","$3,924.12","$1,896.60","$2,213.30","$1,021.52","$1,471.55","$191.48","$239.27","45K","92%+"
"54013","$3,109.60","$3,924.12","$1,896.60","$2,213.30","$1,021.52","$1,471.55","$191.48","$239.27","45K","92%+"
"54014","$3,109.60","$3,924.12","$1,896.60","$2,213.30","$1,021.52","$1,471.55","$191.48","$239.27","45K","92%+"
"54015","$3,109.60","$3,924.12","$1,896.60","$2,213.30","$1,021.52","$1,471.55","$191.48","$239.27","45K","92%+"
"54016","$3,109.60","$3,924.12","$1,896.60","$2,213.30","$1,021.52","$1,471.55","$191.48","$239.27","45K","92%+"
"54017","$3,109.60","$3,924.12","$1,896.60","$2,213.30","$1,021.52","$1,471.55","$191.48","$239.27","45K","92%+"
"54020","$3,109.60","$3,924.12","$1,896.60","$2,213.30","$1,021.52","$1,471.55","$191.48","$239.27","45K","92%+"
"54021","$3,109.60","$3,924.12","$1,896.60","$2,213.30","$1,021.52","$1,471.55","$191.48","$239.27","45K","92%+"
"54022","$3,109.60","$3,924.12","$1,896.60","$2,213.30","$1,021.52","$1,471.55","$191.48","$239.27","45K","92%+"
"54023","$3,109.60","$3,924.12","$1,896.60","$2,213.30","$1,021.52","$1,471.55","$191.48","$239.27","45K","92%+"
"54024","$3,109.60","$3,924.12","$1,896.60","$2,213.30","$1,021.52","$1,471.55","$191.48","$239.27","45K","92%+"
"54025","$3,109.60","$3,924.12","$1,896.60","$2,213.30","$1,021.52","$1,471.55","$191.48","$239.27","45K","92%+"
"54026","$3,109.60","$3,924.12","$1,896.60","$2,213.30","$1,021.52","$1,471.55","$191.48","$239.27","45K","92%+"
"54027","$3,109.60","$3,924.12","$1,896.60","$2,213.30","$1,021.52","$1,471.55","$191.48","$239.27","45K","92%+"
"54028","$3,109.60","$3,924.12","$1,896.60","$2,213.30","$1,021.52","$1,471.55","$191.48","$239.27","45K","92%+"
"54101","$3,109.60","$3,924.12","$1,896.60","$2,213.30","$1,021.52","$1,471.55","$191.48","$239.27","45K","92%+"
"54102","$3,109.60","$3,924.12","$1,896.60","$2,213.30","$1,021.52","$1,471.55","$191.48","$239.27","45K","92%+"
"54103","$3,109.60","$3,924.12","$1,896.60","$2,213.30","$1,021.52","$1,471.55","$191.48","$239.27","45K","92%+"
"54104","$3,109.60","$3,924.12","$1,896.60","$2,213.30","$1,021.52","$1,471.55","$191.48","$239.27","45K","92%+"
"54106","$3,109.60","$3,924.12","$1,896.60","$2,213.30","$1,021.52","$1,471.55","$191.48","$239.27","45K","92%+"
"54107","$3,109.60","$3,924.12","$1,896.60","$2,213.30","$1,021.52","$1,471.55","$191.48","$239.27","45K","92%+"
"54110","$3,109.60","$3,924.12","$1,896.60","$2,213.30","$1,021.52","$1,471.55","$191.48","$239.27","45K","92%+"
"54111","$3,109.60","$3,924.12","$1,896.60","$2,213.30","$1,021.52","$1,471.55","$191.48","$239.27","45K","92%+"
"54112","$3,109.60","$3,924.12","$1,896.60","$2,213.30","$1,021.52","$1,471.55","$191.48","$239.27","45K","92%+"
"54113","$3,109.60","$3,924.12","$1,896.60","$2,213.30","$1,021.52","$1,471.55","$191.48","$239.27","45K","92%+"
"54114","$3,109.60","$3,924.12","$1,896.60","$2,213.30","$1,021.52","$1,471.55","$191.48","$239.27","45K","92%+"
"54115","$3,109.60","$3,924.12","$1,896.60","$2,213.30","$1,021.52","$1,471.55","$191.48","$239.27","45K","92%+"
"54119","$3,109.60","$3,924.12","$1,896.60","$2,213.30","$1,021.52","$1,471.55","$191.48","$239.27","45K","92%+"
"54120","$3,109.60","$3,924.12","$1,896.60","$2,213.30","$1,021.52","$1,471.55","$191.48","$239.27","45K","92%+"
"54121","$3,109.60","$3,924.12","$1,896.60","$2,213.30","$1,021.52","$1,471.55","$191.48","$239.27","45K","92%+"
"54123","$3,109.60","$3,924.12","$1,896.60","$2,213.30","$1,021.52","$1,471.55","$191.48","$239.27","45K","92%+"
"54124","$3,109.60","$3,924.12","$1,896.60","$2,213.30","$1,021.52","$1,471.55","$191.48","$239.27","45K","92%+"
"54125","$3,109.60","$3,924.12","$1,896.60","$2,213.30","$1,021.52","$1,471.55","$191.48","$239.27","45K","92%+"
"54126","$3,109.60","$3,924.12","$1,896.60","$2,213.30","$1,021.52","$1,471.55","$191.48","$239.27","45K","92%+"
"54128","$3,109.60","$3,924.12","$1,896.60","$2,213.30","$1,021.52","$1,471.55","$191.48","$239.27","45K","92%+"
"54129","$3,109.60","$3,924.12","$1,896.60","$2,213.30","$1,021.52","$1,471.55","$191.48","$239.27","45K","92%+"
"54130","$3,109.60","$3,924.12","$1,896.60","$2,213.30","$1,021.52","$1,471.55","$191.48","$239.27","45K","92%+"
"54135","$3,109.60","$3,924.12","$1,896.60","$2,213.30","$1,021.52","$1,471.55","$191.48","$239.27","45K","92%+"
"54136","$3,109.60","$3,924.12","$1,896.60","$2,213.30","$1,021.52","$1,471.55","$191.48","$239.27","45K","92%+"
"54137","$3,109.60","$3,924.12","$1,896.60","$2,213.30","$1,021.52","$1,471.55","$191.48","$239.27","45K","92%+"
"54138","$3,109.60","$3,924.12","$1,896.60","$2,213.30","$1,021.52","$1,471.55","$191.48","$239.27","45K","92%+"
"54139","$3,109.60","$3,924.12","$1,896.60","$2,213.30","$1,021.52","$1,471.55","$191.48","$239.27","45K","92%+"
"54140","$3,109.60","$3,924.12","$1,896.60","$2,213.30","$1,021.52","$1,471.55","$191.48","$239.27","45K","92%+"
"54141","$3,109.60","$3,924.12","$1,896.60","$2,213.30","$1,021.52","$1,471.55","$191.48","$239.27","45K","92%+"
"54143","$3,109.60","$3,924.12","$1,896.60","$2,213.30","$1,021.52","$1,471.55","$191.48","$239.27","45K","92%+"
"54149","$3,109.60","$3,924.12","$1,896.60","$2,213.30","$1,021.52","$1,471.55","$191.48","$239.27","45K","92%+"
"54150","$3,109.60","$3,924.12","$1,896.60","$2,213.30","$1,021.52","$1,471.55","$191.48","$239.27","45K","92%+"
"54151","$3,109.60","$3,924.12","$1,896.60","$2,213.30","$1,021.52","$1,471.55","$191.48","$239.27","45K","92%+"
"54153","$3,109.60","$3,924.12","$1,896.60","$2,213.30","$1,021.52","$1,471.55","$191.48","$239.27","45K","92%+"
"54154","$3,109.60","$3,924.12","$1,896.60","$2,213.30","$1,021.52","$1,471.55","$191.48","$239.27","45K","92%+"
"54155","$3,109.60","$3,924.12","$1,896.60","$2,213.30","$1,021.52","$1,471.55","$191.48","$239.27","45K","92%+"
"54156","$3,109.60","$3,924.12","$1,896.60","$2,213.30","$1,021.52","$1,471.55","$191.48","$239.27","45K","92%+"
"54157","$3,109.60","$3,924.12","$1,896.60","$2,213.30","$1,021.52","$1,471.55","$191.48","$239.27","45K","92%+"
"54159","$3,109.60","$3,924.12","$1,896.60","$2,213.30","$1,021.52","$1,471.55","$191.48","$239.27","45K","92%+"
"54161","$3,109.60","$3,924.12","$1,896.60","$2,213.30","$1,021.52","$1,471.55","$191.48","$239.27","45K","92%+"
"54162","$3,109.60","$3,924.12","$1,896.60","$2,213.30","$1,021.52","$1,471.55","$191.48","$239.27","45K","92%+"
"54165","$3,109.60","$3,924.12","$1,896.60","$2,213.30","$1,021.52","$1,471.55","$191.48","$239.27","45K","92%+"
"54166","$3,109.60","$3,924.12","$1,896.60","$2,213.30","$1,021.52","$1,471.55","$191.48","$239.27","45K","92%+"
"54169","$3,109.60","$3,924.12","$1,896.60","$2,213.30","$1,021.52","$1,471.55","$191.48","$239.27","45K","92%+"
"54170","$3,109.60","$3,924.12","$1,896.60","$2,213.30","$1,021.52","$1,471.55","$191.48","$239.27","45K","92%+"
"54171","$3,109.60","$3,924.12","$1,896.60","$2,213.30","$1,021.52","$1,471.55","$191.48","$239.27","45K","92%+"
"54173","$3,109.60","$3,924.12","$1,896.60","$2,213.30","$1,021.52","$1,471.55","$191.48","$239.27","45K","92%+"
"54174","$3,109.60","$3,924.12","$1,896.60","$2,213.30","$1,021.52","$1,471.55","$191.48","$239.27","45K","92%+"
"54175","$3,109.60","$3,924.12","$1,896.60","$2,213.30","$1,021.52","$1,471.55","$191.48","$239.27","45K","92%+"
"54177","$3,109.60","$3,924.12","$1,896.60","$2,213.30","$1,021.52","$1,471.55","$191.48","$239.27","45K","92%+"
"54180","$3,109.60","$3,924.12","$1,896.60","$2,213.30","$1,021.52","$1,471.55","$191.48","$239.27","45K","92%+"
"54201","$3,109.60","$3,924.12","$1,896.60","$2,213.30","$1,021.52","$1,471.55","$191.48","$239.27","45K","92%+"
"54202","$3,109.60","$3,924.12","$1,896.60","$2,213.30","$1,021.52","$1,471.55","$191.48","$239.27","45K","92%+"
"54204","$3,109.60","$3,924.12","$1,896.60","$2,213.30","$1,021.52","$1,471.55","$191.48","$239.27","45K","92%+"
"54205","$3,109.60","$3,924.12","$1,896.60","$2,213.30","$1,021.52","$1,471.55","$191.48","$239.27","45K","92%+"
"54208","$3,109.60","$3,924.12","$1,896.60","$2,213.30","$1,021.52","$1,471.55","$191.48","$239.27","45K","92%+"
"54209","$3,109.60","$3,924.12","$1,896.60","$2,213.30","$1,021.52","$1,471.55","$191.48","$239.27","45K","92%+"
"54210","$3,109.60","$3,924.12","$1,896.60","$2,213.30","$1,021.52","$1,471.55","$191.48","$239.27","45K","92%+"
"54212","$3,109.60","$3,924.12","$1,896.60","$2,213.30","$1,021.52","$1,471.55","$191.48","$239.27","45K","92%+"
"54213","$3,109.60","$3,924.12","$1,896.60","$2,213.30","$1,021.52","$1,471.55","$191.48","$239.27","45K","92%+"
"54216","$3,109.60","$3,924.12","$1,896.60","$2,213.30","$1,021.52","$1,471.55","$191.48","$239.27","45K","92%+"
"54217","$3,109.60","$3,924.12","$1,896.60","$2,213.30","$1,021.52","$1,471.55","$191.48","$239.27","45K","92%+"
"54220","$3,109.60","$3,924.12","$1,896.60","$2,213.30","$1,021.52","$1,471.55","$191.48","$239.27","45K","92%+"
"54227","$3,109.60","$3,924.12","$1,896.60","$2,213.30","$1,021.52","$1,471.55","$191.48","$239.27","45K","92%+"
"54228","$3,109.60","$3,924.12","$1,896.60","$2,213.30","$1,021.52","$1,471.55","$191.48","$239.27","45K","92%+"
"54229","$3,109.60","$3,924.12","$1,896.60","$2,213.30","$1,021.52","$1,471.55","$191.48","$239.27","45K","92%+"
"54229","$3,109.60","$3,924.12","$1,896.60","$2,213.30","$1,021.52","$1,471.55","$191.48","$239.27","45K","92%+"
"54230","$3,109.60","$3,924.12","$1,896.60","$2,213.30","$1,021.52","$1,471.55","$191.48","$239.27","45K","92%+"
"54234","$3,109.60","$3,924.12","$1,896.60","$2,213.30","$1,021.52","$1,471.55","$191.48","$239.27","45K","92%+"
"54235","$3,109.60","$3,924.12","$1,896.60","$2,213.30","$1,021.52","$1,471.55","$191.48","$239.27","45K","92%+"
"54235","$3,109.60","$3,924.12","$1,896.60","$2,213.30","$1,021.52","$1,471.55","$191.48","$239.27","45K","92%+"
"54241","$3,109.60","$3,924.12","$1,896.60","$2,213.30","$1,021.52","$1,471.55","$191.48","$239.27","45K","92%+"
"54245","$3,109.60","$3,924.12","$1,896.60","$2,213.30","$1,021.52","$1,471.55","$191.48","$239.27","45K","92%+"
"54246","$3,109.60","$3,924.12","$1,896.60","$2,213.30","$1,021.52","$1,471.55","$191.48","$239.27","45K","92%+"
"54247","$3,109.60","$3,924.12","$1,896.60","$2,213.30","$1,021.52","$1,471.55","$191.48","$239.27","45K","92%+"
"54301","$3,074.51","$3,873.57","$1,896.60","$2,213.30","$986.43","$1,421.00","$191.48","$239.27","45K","92%+"
"54302","$3,074.51","$3,873.57","$1,896.60","$2,213.30","$986.43","$1,421.00","$191.48","$239.27","45K","92%+"
"54303","$3,074.51","$3,873.57","$1,896.60","$2,213.30","$986.43","$1,421.00","$191.48","$239.27","45K","92%+"
"54304","$3,074.51","$3,873.57","$1,896.60","$2,213.30","$986.43","$1,421.00","$191.48","$239.27","45K","92%+"
"54311","$3,074.51","$3,873.57","$1,896.60","$2,213.30","$986.43","$1,421.00","$191.48","$239.27","45K","92%+"
"54313","$3,074.51","$3,873.57","$1,896.60","$2,213.30","$986.43","$1,421.00","$191.48","$239.27","45K","92%+"
"54313","$3,074.51","$3,873.57","$1,896.60","$2,213.30","$986.43","$1,421.00","$191.48","$239.27","45K","92%+"
"54344","$3,074.51","$3,873.57","$1,896.60","$2,213.30","$986.43","$1,421.00","$191.48","$239.27","45K","92%+"
"54401","$3,074.51","$3,873.57","$1,896.60","$2,213.30","$986.43","$1,421.00","$191.48","$239.27","45K","92%+"
"54403","$3,074.51","$3,873.57","$1,896.60","$2,213.30","$986.43","$1,421.00","$191.48","$239.27","45K","92%+"
"54404","$3,074.51","$3,873.57","$1,896.60","$2,213.30","$986.43","$1,421.00","$191.48","$239.27","45K","92%+"
"54405","$3,074.51","$3,873.57","$1,896.60","$2,213.30","$986.43","$1,421.00","$191.48","$239.27","45K","92%+"
"54406","$3,074.51","$3,873.57","$1,896.60","$2,213.30","$986.43","$1,421.00","$191.48","$239.27","45K","92%+"
"54407","$3,074.51","$3,873.57","$1,896.60","$2,213.30","$986.43","$1,421.00","$191.48","$239.27","45K","92%+"
"54408","$3,074.51","$3,873.57","$1,896.60","$2,213.30","$986.43","$1,421.00","$191.48","$239.27","45K","92%+"
"54409","$3,074.51","$3,873.57","$1,896.60","$2,213.30","$986.43","$1,421.00","$191.48","$239.27","45K","92%+"
"54410","$3,074.51","$3,873.57","$1,896.60","$2,213.30","$986.43","$1,421.00","$191.48","$239.27","45K","92%+"
"54411","$3,074.51","$3,873.57","$1,896.60","$2,213.30","$986.43","$1,421.00","$191.48","$239.27","45K","92%+"
"54412","$3,074.51","$3,873.57","$1,896.60","$2,213.30","$986.43","$1,421.00","$191.48","$239.27","45K","92%+"
"54414","$3,074.51","$3,873.57","$1,896.60","$2,213.30","$986.43","$1,421.00","$191.48","$239.27","45K","92%+"
"54416","$3,074.51","$3,873.57","$1,896.60","$2,213.30","$986.43","$1,421.00","$191.48","$239.27","45K","92%+"
"54420","$3,074.51","$3,873.57","$1,896.60","$2,213.30","$986.43","$1,421.00","$191.48","$239.27","45K","92%+"
"54421","$3,074.51","$3,873.57","$1,896.60","$2,213.30","$986.43","$1,421.00","$191.48","$239.27","45K","92%+"
"54422","$3,074.51","$3,873.57","$1,896.60","$2,213.30","$986.43","$1,421.00","$191.48","$239.27","45K","92%+"
"54423","$3,074.51","$3,873.57","$1,896.60","$2,213.30","$986.43","$1,421.00","$191.48","$239.27","45K","92%+"
"54424","$3,074.51","$3,873.57","$1,896.60","$2,213.30","$986.43","$1,421.00","$191.48","$239.27","45K","92%+"
"54425","$3,074.51","$3,873.57","$1,896.60","$2,213.30","$986.43","$1,421.00","$191.48","$239.27","45K","92%+"
"54426","$3,074.51","$3,873.57","$1,896.60","$2,213.30","$986.43","$1,421.00","$191.48","$239.27","45K","92%+"
"54427","$3,074.51","$3,873.57","$1,896.60","$2,213.30","$986.43","$1,421.00","$191.48","$239.27","45K","92%+"
"54428","$3,074.51","$3,873.57","$1,896.60","$2,213.30","$986.43","$1,421.00","$191.48","$239.27","45K","92%+"
"54433","$3,074.51","$3,873.57","$1,896.60","$2,213.30","$986.43","$1,421.00","$191.48","$239.27","45K","92%+"
"54435","$3,074.51","$3,873.57","$1,896.60","$2,213.30","$986.43","$1,421.00","$191.48","$239.27","45K","92%+"
"54436","$3,074.51","$3,873.57","$1,896.60","$2,213.30","$986.43","$1,421.00","$191.48","$239.27","45K","92%+"
"54437","$3,074.51","$3,873.57","$1,896.60","$2,213.30","$986.43","$1,421.00","$191.48","$239.27","45K","92%+"
"54440","$3,074.51","$3,873.57","$1,896.60","$2,213.30","$986.43","$1,421.00","$191.48","$239.27","45K","92%+"
"54442","$3,074.51","$3,873.57","$1,896.60","$2,213.30","$986.43","$1,421.00","$191.48","$239.27","45K","92%+"
"54443","$3,074.51","$3,873.57","$1,896.60","$2,213.30","$986.43","$1,421.00","$191.48","$239.27","45K","92%+"
"54446","$3,074.51","$3,873.57","$1,896.60","$2,213.30","$986.43","$1,421.00","$191.48","$239.27","45K","92%+"
"54447","$3,074.51","$3,873.57","$1,896.60","$2,213.30","$986.43","$1,421.00","$191.48","$239.27","45K","92%+"
"54448","$3,074.51","$3,873.57","$1,896.60","$2,213.30","$986.43","$1,421.00","$191.48","$239.27","45K","92%+"
"54449","$3,074.51","$3,873.57","$1,896.60","$2,213.30","$986.43","$1,421.00","$191.48","$239.27","45K","92%+"
"54451","$3,074.51","$3,873.57","$1,896.60","$2,213.30","$986.43","$1,421.00","$191.48","$239.27","45K","92%+"
"54452","$3,074.51","$3,873.57","$1,896.60","$2,213.30","$986.43","$1,421.00","$191.48","$239.27","45K","92%+"
"54454","$3,074.51","$3,873.57","$1,896.60","$2,213.30","$986.43","$1,421.00","$191.48","$239.27","45K","92%+"
"54455","$3,074.51","$3,873.57","$1,896.60","$2,213.30","$986.43","$1,421.00","$191.48","$239.27","45K","92%+"
"54456","$3,074.51","$3,873.57","$1,896.60","$2,213.30","$986.43","$1,421.00","$191.48","$239.27","45K","92%+"
"54457","$3,074.51","$3,873.57","$1,896.60","$2,213.30","$986.43","$1,421.00","$191.48","$239.27","45K","92%+"
"54459","$3,074.51","$3,873.57","$1,896.60","$2,213.30","$986.43","$1,421.00","$191.48","$239.27","45K","92%+"
"54460","$3,074.51","$3,873.57","$1,896.60","$2,213.30","$986.43","$1,421.00","$191.48","$239.27","45K","92%+"
"54463","$3,074.51","$3,873.57","$1,896.60","$2,213.30","$986.43","$1,421.00","$191.48","$239.27","45K","92%+"
"54465","$3,074.51","$3,873.57","$1,896.60","$2,213.30","$986.43","$1,421.00","$191.48","$239.27","45K","92%+"
"54466","$3,074.51","$3,873.57","$1,896.60","$2,213.30","$986.43","$1,421.00","$191.48","$239.27","45K","92%+"
"54467","$3,074.51","$3,873.57","$1,896.60","$2,213.30","$986.43","$1,421.00","$191.48","$239.27","45K","92%+"
"54469","$3,074.51","$3,873.57","$1,896.60","$2,213.30","$986.43","$1,421.00","$191.48","$239.27","45K","92%+"
"54470","$3,074.51","$3,873.57","$1,896.60","$2,213.30","$986.43","$1,421.00","$191.48","$239.27","45K","92%+"
"54471","$3,074.51","$3,873.57","$1,896.60","$2,213.30","$986.43","$1,421.00","$191.48","$239.27","45K","92%+"
"54473","$3,074.51","$3,873.57","$1,896.60","$2,213.30","$986.43","$1,421.00","$191.48","$239.27","45K","92%+"
"54474","$3,074.51","$3,873.57","$1,896.60","$2,213.30","$986.43","$1,421.00","$191.48","$239.27","45K","92%+"
"54475","$3,074.51","$3,873.57","$1,896.60","$2,213.30","$986.43","$1,421.00","$191.48","$239.27","45K","92%+"
"54476","$3,074.51","$3,873.57","$1,896.60","$2,213.30","$986.43","$1,421.00","$191.48","$239.27","45K","92%+"
"54479","$3,074.51","$3,873.57","$1,896.60","$2,213.30","$986.43","$1,421.00","$191.48","$239.27","45K","92%+"
"54480","$3,074.51","$3,873.57","$1,896.60","$2,213.30","$986.43","$1,421.00","$191.48","$239.27","45K","92%+"
"54481","$3,074.51","$3,873.57","$1,896.60","$2,213.30","$986.43","$1,421.00","$191.48","$239.27","45K","92%+"
"54482","$3,074.51","$3,873.57","$1,896.60","$2,213.30","$986.43","$1,421.00","$191.48","$239.27","45K","92%+"
"54484","$3,074.51","$3,873.57","$1,896.60","$2,213.30","$986.43","$1,421.00","$191.48","$239.27","45K","92%+"
"54485","$3,074.51","$3,873.57","$1,896.60","$2,213.30","$986.43","$1,421.00","$191.48","$239.27","45K","92%+"
"54486","$3,074.51","$3,873.57","$1,896.60","$2,213.30","$986.43","$1,421.00","$191.48","$239.27","45K","92%+"
"54487","$3,074.51","$3,873.57","$1,896.60","$2,213.30","$986.43","$1,421.00","$191.48","$239.27","45K","92%+"
"54488","$3,074.51","$3,873.57","$1,896.60","$2,213.30","$986.43","$1,421.00","$191.48","$239.27","45K","92%+"
"54489","$3,074.51","$3,873.57","$1,896.60","$2,213.30","$986.43","$1,421.00","$191.48","$239.27","45K","92%+"
"54490","$3,074.51","$3,873.57","$1,896.60","$2,213.30","$986.43","$1,421.00","$191.48","$239.27","45K","92%+"
"54491","$3,074.51","$3,873.57","$1,896.60","$2,213.30","$986.43","$1,421.00","$191.48","$239.27","45K","92%+"
"54492","$3,074.51","$3,873.57","$1,896.60","$2,213.30","$986.43","$1,421.00","$191.48","$239.27","45K","92%+"
"54493","$3,074.51","$3,873.57","$1,896.60","$2,213.30","$986.43","$1,421.00","$191.48","$239.27","45K","92%+"
"54494","$3,074.51","$3,873.57","$1,896.60","$2,213.30","$986.43","$1,421.00","$191.48","$239.27","45K","92%+"
"54495","$3,074.51","$3,873.57","$1,896.60","$2,213.30","$986.43","$1,421.00","$191.48","$239.27","45K","92%+"
"54498","$3,074.51","$3,873.57","$1,896.60","$2,213.30","$986.43","$1,421.00","$191.48","$239.27","45K","92%+"
"54499","$3,074.51","$3,873.57","$1,896.60","$2,213.30","$986.43","$1,421.00","$191.48","$239.27","45K","92%+"
"54501","$3,074.51","$3,873.57","$1,896.60","$2,213.30","$986.43","$1,421.00","$191.48","$239.27","45K","92%+"
"54511","$3,074.51","$3,873.57","$1,896.60","$2,213.30","$986.43","$1,421.00","$191.48","$239.27","45K","92%+"
"54512","$3,074.51","$3,873.57","$1,896.60","$2,213.30","$986.43","$1,421.00","$191.48","$239.27","45K","92%+"
"54513","$3,074.51","$3,873.57","$1,896.60","$2,213.30","$986.43","$1,421.00","$191.48","$239.27","45K","92%+"
"54514","$3,074.51","$3,873.57","$1,896.60","$2,213.30","$986.43","$1,421.00","$191.48","$239.27","45K","92%+"
"54515","$3,074.51","$3,873.57","$1,896.60","$2,213.30","$986.43","$1,421.00","$191.48","$239.27","45K","92%+"
"54517","$3,074.51","$3,873.57","$1,896.60","$2,213.30","$986.43","$1,421.00","$191.48","$239.27","45K","92%+"
"54519","$3,074.51","$3,873.57","$1,896.60","$2,213.30","$986.43","$1,421.00","$191.48","$239.27","45K","92%+"
"54520","$3,074.51","$3,873.57","$1,896.60","$2,213.30","$986.43","$1,421.00","$191.48","$239.27","45K","92%+"
"54521","$3,074.51","$3,873.57","$1,896.60","$2,213.30","$986.43","$1,421.00","$191.48","$239.27","45K","92%+"
"54524","$3,074.51","$3,873.57","$1,896.60","$2,213.30","$986.43","$1,421.00","$191.48","$239.27","45K","92%+"
"54526","$3,074.51","$3,873.57","$1,896.60","$2,213.30","$986.43","$1,421.00","$191.48","$239.27","45K","92%+"
"54527","$3,074.51","$3,873.57","$1,896.60","$2,213.30","$986.43","$1,421.00","$191.48","$239.27","45K","92%+"
"54529","$3,074.51","$3,873.57","$1,896.60","$2,213.30","$986.43","$1,421.00","$191.48","$239.27","45K","92%+"
"54530","$3,074.51","$3,873.57","$1,896.60","$2,213.30","$986.43","$1,421.00","$191.48","$239.27","45K","92%+"
"54531","$3,074.51","$3,873.57","$1,896.60","$2,213.30","$986.43","$1,421.00","$191.48","$239.27","45K","92%+"
"54534","$3,074.51","$3,873.57","$1,896.60","$2,213.30","$986.43","$1,421.00","$191.48","$239.27","45K","92%+"
"54537","$3,074.51","$3,873.57","$1,896.60","$2,213.30","$986.43","$1,421.00","$191.48","$239.27","45K","92%+"
"54538","$3,074.51","$3,873.57","$1,896.60","$2,213.30","$986.43","$1,421.00","$191.48","$239.27","45K","92%+"
"54539","$3,074.51","$3,873.57","$1,896.60","$2,213.30","$986.43","$1,421.00","$191.48","$239.27","45K","92%+"
"54540","$3,074.51","$3,873.57","$1,896.60","$2,213.30","$986.43","$1,421.00","$191.48","$239.27","45K","92%+"
"54541","$3,074.51","$3,873.57","$1,896.60","$2,213.30","$986.43","$1,421.00","$191.48","$239.27","45K","92%+"
"54542","$3,074.51","$3,873.57","$1,896.60","$2,213.30","$986.43","$1,421.00","$191.48","$239.27","45K","92%+"
"54545","$3,074.51","$3,873.57","$1,896.60","$2,213.30","$986.43","$1,421.00","$191.48","$239.27","45K","92%+"
"54546","$3,074.51","$3,873.57","$1,896.60","$2,213.30","$986.43","$1,421.00","$191.48","$239.27","45K","92%+"
"54547","$3,074.51","$3,873.57","$1,896.60","$2,213.30","$986.43","$1,421.00","$191.48","$239.27","45K","92%+"
"54548","$3,074.51","$3,873.57","$1,896.60","$2,213.30","$986.43","$1,421.00","$191.48","$239.27","45K","92%+"
"54550","$3,074.51","$3,873.57","$1,896.60","$2,213.30","$986.43","$1,421.00","$191.48","$239.27","45K","92%+"
"54552","$3,074.51","$3,873.57","$1,896.60","$2,213.30","$986.43","$1,421.00","$191.48","$239.27","45K","92%+"
"54554","$3,074.51","$3,873.57","$1,896.60","$2,213.30","$986.43","$1,421.00","$191.48","$239.27","45K","92%+"
"54555","$3,074.51","$3,873.57","$1,896.60","$2,213.30","$986.43","$1,421.00","$191.48","$239.27","45K","92%+"
"54556","$3,074.51","$3,873.57","$1,896.60","$2,213.30","$986.43","$1,421.00","$191.48","$239.27","45K","92%+"
"54557","$3,074.51","$3,873.57","$1,896.60","$2,213.30","$986.43","$1,421.00","$191.48","$239.27","45K","92%+"
"54558","$3,074.51","$3,873.57","$1,896.60","$2,213.30","$986.43","$1,421.00","$191.48","$239.27","45K","92%+"
"54559","$3,074.51","$3,873.57","$1,896.60","$2,213.30","$986.43","$1,421.00","$191.48","$239.27","45K","92%+"
"54560","$3,074.51","$3,873.57","$1,896.60","$2,213.30","$986.43","$1,421.00","$191.48","$239.27","45K","92%+"
"54562","$3,074.51","$3,873.57","$1,896.60","$2,213.30","$986.43","$1,421.00","$191.48","$239.27","45K","92%+"
"54563","$3,074.51","$3,873.57","$1,896.60","$2,213.30","$986.43","$1,421.00","$191.48","$239.27","45K","92%+"
"54564","$3,074.51","$3,873.57","$1,896.60","$2,213.30","$986.43","$1,421.00","$191.48","$239.27","45K","92%+"
"54566","$3,074.51","$3,873.57","$1,896.60","$2,213.30","$986.43","$1,421.00","$191.48","$239.27","45K","92%+"
"54568","$3,074.51","$3,873.57","$1,896.60","$2,213.30","$986.43","$1,421.00","$191.48","$239.27","45K","92%+"
"54601","$3,119.35","$3,938.16","$1,896.60","$2,213.30","$1,031.27","$1,485.59","$191.48","$239.27","45K","92%+"
"54603","$3,119.35","$3,938.16","$1,896.60","$2,213.30","$1,031.27","$1,485.59","$191.48","$239.27","45K","92%+"
"54610","$3,119.35","$3,938.16","$1,896.60","$2,213.30","$1,031.27","$1,485.59","$191.48","$239.27","45K","92%+"
"54611","$3,119.35","$3,938.16","$1,896.60","$2,213.30","$1,031.27","$1,485.59","$191.48","$239.27","45K","92%+"
"54612","$3,119.35","$3,938.16","$1,896.60","$2,213.30","$1,031.27","$1,485.59","$191.48","$239.27","45K","92%+"
"54613","$3,119.35","$3,938.16","$1,896.60","$2,213.30","$1,031.27","$1,485.59","$191.48","$239.27","45K","92%+"
"54614","$3,119.35","$3,938.16","$1,896.60","$2,213.30","$1,031.27","$1,485.59","$191.48","$239.27","45K","92%+"
"54615","$3,119.35","$3,938.16","$1,896.60","$2,213.30","$1,031.27","$1,485.59","$191.48","$239.27","45K","92%+"
"54616","$3,119.35","$3,938.16","$1,896.60","$2,213.30","$1,031.27","$1,485.59","$191.48","$239.27","45K","92%+"
"54618","$3,119.35","$3,938.16","$1,896.60","$2,213.30","$1,031.27","$1,485.59","$191.48","$239.27","45K","92%+"
"54619","$3,119.35","$3,938.16","$1,896.60","$2,213.30","$1,031.27","$1,485.59","$191.48","$239.27","45K","92%+"
"54621","$3,119.35","$3,938.16","$1,896.60","$2,213.30","$1,031.27","$1,485.59","$191.48","$239.27","45K","92%+"
"54622","$3,119.35","$3,938.16","$1,896.60","$2,213.30","$1,031.27","$1,485.59","$191.48","$239.27","45K","92%+"
"54623","$3,119.35","$3,938.16","$1,896.60","$2,213.30","$1,031.27","$1,485.59","$191.48","$239.27","45K","92%+"
"54624","$3,119.35","$3,938.16","$1,896.60","$2,213.30","$1,031.27","$1,485.59","$191.48","$239.27","45K","92%+"
"54625","$3,119.35","$3,938.16","$1,896.60","$2,213.30","$1,031.27","$1,485.59","$191.48","$239.27","45K","92%+"
"54626","$3,119.35","$3,938.16","$1,896.60","$2,213.30","$1,031.27","$1,485.59","$191.48","$239.27","45K","92%+"
"54627","$3,119.35","$3,938.16","$1,896.60","$2,213.30","$1,031.27","$1,485.59","$191.48","$239.27","45K","92%+"
"54628","$3,119.35","$3,938.16","$1,896.60","$2,213.30","$1,031.27","$1,485.59","$191.48","$239.27","45K","92%+"
"54629","$3,119.35","$3,938.16","$1,896.60","$2,213.30","$1,031.27","$1,485.59","$191.48","$239.27","45K","92%+"
"54630","$3,119.35","$3,938.16","$1,896.60","$2,213.30","$1,031.27","$1,485.59","$191.48","$239.27","45K","92%+"
"54631","$3,119.35","$3,938.16","$1,896.60","$2,213.30","$1,031.27","$1,485.59","$191.48","$239.27","45K","92%+"
"54632","$3,119.35","$3,938.16","$1,896.60","$2,213.30","$1,031.27","$1,485.59","$191.48","$239.27","45K","92%+"
"54634","$3,119.35","$3,938.16","$1,896.60","$2,213.30","$1,031.27","$1,485.59","$191.48","$239.27","45K","92%+"
"54635","$3,119.35","$3,938.16","$1,896.60","$2,213.30","$1,031.27","$1,485.59","$191.48","$239.27","45K","92%+"
"54636","$3,119.35","$3,938.16","$1,896.60","$2,213.30","$1,031.27","$1,485.59","$191.48","$239.27","45K","92%+"
"54638","$3,119.35","$3,938.16","$1,896.60","$2,213.30","$1,031.27","$1,485.59","$191.48","$239.27","45K","92%+"
"54639","$3,119.35","$3,938.16","$1,896.60","$2,213.30","$1,031.27","$1,485.59","$191.48","$239.27","45K","92%+"
"54642","$3,119.35","$3,938.16","$1,896.60","$2,213.30","$1,031.27","$1,485.59","$191.48","$239.27","45K","92%+"
"54644","$3,119.35","$3,938.16","$1,896.60","$2,213.30","$1,031.27","$1,485.59","$191.48","$239.27","45K","92%+"
"54646","$3,119.35","$3,938.16","$1,896.60","$2,213.30","$1,031.27","$1,485.59","$191.48","$239.27","45K","92%+"
"54648","$3,119.35","$3,938.16","$1,896.60","$2,213.30","$1,031.27","$1,485.59","$191.48","$239.27","45K","92%+"
"54650","$3,119.35","$3,938.16","$1,896.60","$2,213.30","$1,031.27","$1,485.59","$191.48","$239.27","45K","92%+"
"54651","$3,119.35","$3,938.16","$1,896.60","$2,213.30","$1,031.27","$1,485.59","$191.48","$239.27","45K","92%+"
"54652","$3,119.35","$3,938.16","$1,896.60","$2,213.30","$1,031.27","$1,485.59","$191.48","$239.27","45K","92%+"
"54653","$3,119.35","$3,938.16","$1,896.60","$2,213.30","$1,031.27","$1,485.59","$191.48","$239.27","45K","92%+"
"54655","$3,119.35","$3,938.16","$1,896.60","$2,213.30","$1,031.27","$1,485.59","$191.48","$239.27","45K","92%+"
"54656","$3,119.35","$3,938.16","$1,896.60","$2,213.30","$1,031.27","$1,485.59","$191.48","$239.27","45K","92%+"
"54658","$3,119.35","$3,938.16","$1,896.60","$2,213.30","$1,031.27","$1,485.59","$191.48","$239.27","45K","92%+"
"54659","$3,119.35","$3,938.16","$1,896.60","$2,213.30","$1,031.27","$1,485.59","$191.48","$239.27","45K","92%+"
"54660","$3,119.35","$3,938.16","$1,896.60","$2,213.30","$1,031.27","$1,485.59","$191.48","$239.27","45K","92%+"
"54661","$3,119.35","$3,938.16","$1,896.60","$2,213.30","$1,031.27","$1,485.59","$191.48","$239.27","45K","92%+"
"54664","$3,119.35","$3,938.16","$1,896.60","$2,213.30","$1,031.27","$1,485.59","$191.48","$239.27","45K","92%+"
"54665","$3,119.35","$3,938.16","$1,896.60","$2,213.30","$1,031.27","$1,485.59","$191.48","$239.27","45K","92%+"
"54666","$3,119.35","$3,938.16","$1,896.60","$2,213.30","$1,031.27","$1,485.59","$191.48","$239.27","45K","92%+"
"54667","$3,119.35","$3,938.16","$1,896.60","$2,213.30","$1,031.27","$1,485.59","$191.48","$239.27","45K","92%+"
"54669","$3,119.35","$3,938.16","$1,896.60","$2,213.30","$1,031.27","$1,485.59","$191.48","$239.27","45K","92%+"
"54670","$3,119.35","$3,938.16","$1,896.60","$2,213.30","$1,031.27","$1,485.59","$191.48","$239.27","45K","92%+"
"54701","$3,119.35","$3,938.16","$1,896.60","$2,213.30","$1,031.27","$1,485.59","$191.48","$239.27","45K","92%+"
"54703","$3,119.35","$3,938.16","$1,896.60","$2,213.30","$1,031.27","$1,485.59","$191.48","$239.27","45K","92%+"
"54720","$3,119.35","$3,938.16","$1,896.60","$2,213.30","$1,031.27","$1,485.59","$191.48","$239.27","45K","92%+"
"54721","$3,119.35","$3,938.16","$1,896.60","$2,213.30","$1,031.27","$1,485.59","$191.48","$239.27","45K","92%+"
"54722","$3,119.35","$3,938.16","$1,896.60","$2,213.30","$1,031.27","$1,485.59","$191.48","$239.27","45K","92%+"
"54723","$3,119.35","$3,938.16","$1,896.60","$2,213.30","$1,031.27","$1,485.59","$191.48","$239.27","45K","92%+"
"54724","$3,119.35","$3,938.16","$1,896.60","$2,213.30","$1,031.27","$1,485.59","$191.48","$239.27","45K","92%+"
"54725","$3,119.35","$3,938.16","$1,896.60","$2,213.30","$1,031.27","$1,485.59","$191.48","$239.27","45K","92%+"
"54726","$3,119.35","$3,938.16","$1,896.60","$2,213.30","$1,031.27","$1,485.59","$191.48","$239.27","45K","92%+"
"54727","$3,119.35","$3,938.16","$1,896.60","$2,213.30","$1,031.27","$1,485.59","$191.48","$239.27","45K","92%+"
"54728","$3,119.35","$3,938.16","$1,896.60","$2,213.30","$1,031.27","$1,485.59","$191.48","$239.27","45K","92%+"
"54729","$3,119.35","$3,938.16","$1,896.60","$2,213.30","$1,031.27","$1,485.59","$191.48","$239.27","45K","92%+"
"54730","$3,119.35","$3,938.16","$1,896.60","$2,213.30","$1,031.27","$1,485.59","$191.48","$239.27","45K","92%+"
"54731","$3,119.35","$3,938.16","$1,896.60","$2,213.30","$1,031.27","$1,485.59","$191.48","$239.27","45K","92%+"
"54732","$3,119.35","$3,938.16","$1,896.60","$2,213.30","$1,031.27","$1,485.59","$191.48","$239.27","45K","92%+"
"54733","$3,119.35","$3,938.16","$1,896.60","$2,213.30","$1,031.27","$1,485.59","$191.48","$239.27","45K","92%+"
"54736","$3,119.35","$3,938.16","$1,896.60","$2,213.30","$1,031.27","$1,485.59","$191.48","$239.27","45K","92%+"
"54737","$3,119.35","$3,938.16","$1,896.60","$2,213.30","$1,031.27","$1,485.59","$191.48","$239.27","45K","92%+"
"54738","$3,119.35","$3,938.16","$1,896.60","$2,213.30","$1,031.27","$1,485.59","$191.48","$239.27","45K","92%+"
"54739","$3,119.35","$3,938.16","$1,896.60","$2,213.30","$1,031.27","$1,485.59","$191.48","$239.27","45K","92%+"
"54740","$3,119.35","$3,938.16","$1,896.60","$2,213.30","$1,031.27","$1,485.59","$191.48","$239.27","45K","92%+"
"54741","$3,119.35","$3,938.16","$1,896.60","$2,213.30","$1,031.27","$1,485.59","$191.48","$239.27","45K","92%+"
"54742","$3,119.35","$3,938.16","$1,896.60","$2,213.30","$1,031.27","$1,485.59","$191.48","$239.27","45K","92%+"
"54745","$3,119.35","$3,938.16","$1,896.60","$2,213.30","$1,031.27","$1,485.59","$191.48","$239.27","45K","92%+"
"54746","$3,119.35","$3,938.16","$1,896.60","$2,213.30","$1,031.27","$1,485.59","$191.48","$239.27","45K","92%+"
"54747","$3,119.35","$3,938.16","$1,896.60","$2,213.30","$1,031.27","$1,485.59","$191.48","$239.27","45K","92%+"
"54748","$3,119.35","$3,938.16","$1,896.60","$2,213.30","$1,031.27","$1,485.59","$191.48","$239.27","45K","92%+"
"54749","$3,119.35","$3,938.16","$1,896.60","$2,213.30","$1,031.27","$1,485.59","$191.48","$239.27","45K","92%+"
"54750","$3,119.35","$3,938.16","$1,896.60","$2,213.30","$1,031.27","$1,485.59","$191.48","$239.27","45K","92%+"
"54751","$3,119.35","$3,938.16","$1,896.60","$2,213.30","$1,031.27","$1,485.59","$191.48","$239.27","45K","92%+"
"54754","$3,119.35","$3,938.16","$1,896.60","$2,213.30","$1,031.27","$1,485.59","$191.48","$239.27","45K","92%+"
"54755","$3,119.35","$3,938.16","$1,896.60","$2,213.30","$1,031.27","$1,485.59","$191.48","$239.27","45K","92%+"
"54756","$3,119.35","$3,938.16","$1,896.60","$2,213.30","$1,031.27","$1,485.59","$191.48","$239.27","45K","92%+"
"54757","$3,119.35","$3,938.16","$1,896.60","$2,213.30","$1,031.27","$1,485.59","$191.48","$239.27","45K","92%+"
"54758","$3,119.35","$3,938.16","$1,896.60","$2,213.30","$1,031.27","$1,485.59","$191.48","$239.27","45K","92%+"
"54761","$3,119.35","$3,938.16","$1,896.60","$2,213.30","$1,031.27","$1,485.59","$191.48","$239.27","45K","92%+"
"54762","$3,119.35","$3,938.16","$1,896.60","$2,213.30","$1,031.27","$1,485.59","$191.48","$239.27","45K","92%+"
"54763","$3,119.35","$3,938.16","$1,896.60","$2,213.30","$1,031.27","$1,485.59","$191.48","$239.27","45K","92%+"
"54766","$3,119.35","$3,938.16","$1,896.60","$2,213.30","$1,031.27","$1,485.59","$191.48","$239.27","45K","92%+"
"54767","$3,119.35","$3,938.16","$1,896.60","$2,213.30","$1,031.27","$1,485.59","$191.48","$239.27","45K","92%+"
"54768","$3,119.35","$3,938.16","$1,896.60","$2,213.30","$1,031.27","$1,485.59","$191.48","$239.27","45K","92%+"
"54769","$3,119.35","$3,938.16","$1,896.60","$2,213.30","$1,031.27","$1,485.59","$191.48","$239.27","45K","92%+"
"54770","$3,119.35","$3,938.16","$1,896.60","$2,213.30","$1,031.27","$1,485.59","$191.48","$239.27","45K","92%+"
"54771","$3,119.35","$3,938.16","$1,896.60","$2,213.30","$1,031.27","$1,485.59","$191.48","$239.27","45K","92%+"
"54772","$3,119.35","$3,938.16","$1,896.60","$2,213.30","$1,031.27","$1,485.59","$191.48","$239.27","45K","92%+"
"54773","$3,119.35","$3,938.16","$1,896.60","$2,213.30","$1,031.27","$1,485.59","$191.48","$239.27","45K","92%+"
"54774","$3,119.35","$3,938.16","$1,896.60","$2,213.30","$1,031.27","$1,485.59","$191.48","$239.27","45K","92%+"
"54801","$3,119.35","$3,938.16","$1,896.60","$2,213.30","$1,031.27","$1,485.59","$191.48","$239.27","45K","92%+"
"54805","$3,119.35","$3,938.16","$1,896.60","$2,213.30","$1,031.27","$1,485.59","$191.48","$239.27","45K","92%+"
"54806","$3,119.35","$3,938.16","$1,896.60","$2,213.30","$1,031.27","$1,485.59","$191.48","$239.27","45K","92%+"
"54810","$3,119.35","$3,938.16","$1,896.60","$2,213.30","$1,031.27","$1,485.59","$191.48","$239.27","45K","92%+"
"54812","$3,119.35","$3,938.16","$1,896.60","$2,213.30","$1,031.27","$1,485.59","$191.48","$239.27","45K","92%+"
"54813","$3,119.35","$3,938.16","$1,896.60","$2,213.30","$1,031.27","$1,485.59","$191.48","$239.27","45K","92%+"
"54814","$3,119.35","$3,938.16","$1,896.60","$2,213.30","$1,031.27","$1,485.59","$191.48","$239.27","45K","92%+"
"54817","$3,119.35","$3,938.16","$1,896.60","$2,213.30","$1,031.27","$1,485.59","$191.48","$239.27","45K","92%+"
"54819","$3,119.35","$3,938.16","$1,896.60","$2,213.30","$1,031.27","$1,485.59","$191.48","$239.27","45K","92%+"
"54820","$3,119.35","$3,938.16","$1,896.60","$2,213.30","$1,031.27","$1,485.59","$191.48","$239.27","45K","92%+"
"54821","$3,119.35","$3,938.16","$1,896.60","$2,213.30","$1,031.27","$1,485.59","$191.48","$239.27","45K","92%+"
"54822","$3,119.35","$3,938.16","$1,896.60","$2,213.30","$1,031.27","$1,485.59","$191.48","$239.27","45K","92%+"
"54824","$3,119.35","$3,938.16","$1,896.60","$2,213.30","$1,031.27","$1,485.59","$191.48","$239.27","45K","92%+"
"54826","$3,119.35","$3,938.16","$1,896.60","$2,213.30","$1,031.27","$1,485.59","$191.48","$239.27","45K","92%+"
"54827","$3,119.35","$3,938.16","$1,896.60","$2,213.30","$1,031.27","$1,485.59","$191.48","$239.27","45K","92%+"
"54828","$3,119.35","$3,938.16","$1,896.60","$2,213.30","$1,031.27","$1,485.59","$191.48","$239.27","45K","92%+"
"54829","$3,119.35","$3,938.16","$1,896.60","$2,213.30","$1,031.27","$1,485.59","$191.48","$239.27","45K","92%+"
"54830","$3,119.35","$3,938.16","$1,896.60","$2,213.30","$1,031.27","$1,485.59","$191.48","$239.27","45K","92%+"
"54832","$3,119.35","$3,938.16","$1,896.60","$2,213.30","$1,031.27","$1,485.59","$191.48","$239.27","45K","92%+"
"54835","$3,119.35","$3,938.16","$1,896.60","$2,213.30","$1,031.27","$1,485.59","$191.48","$239.27","45K","92%+"
"54837","$3,119.35","$3,938.16","$1,896.60","$2,213.30","$1,031.27","$1,485.59","$191.48","$239.27","45K","92%+"
"54838","$3,119.35","$3,938.16","$1,896.60","$2,213.30","$1,031.27","$1,485.59","$191.48","$239.27","45K","92%+"
"54839","$3,119.35","$3,938.16","$1,896.60","$2,213.30","$1,031.27","$1,485.59","$191.48","$239.27","45K","92%+"
"54840","$3,119.35","$3,938.16","$1,896.60","$2,213.30","$1,031.27","$1,485.59","$191.48","$239.27","45K","92%+"
"54841","$3,119.35","$3,938.16","$1,896.60","$2,213.30","$1,031.27","$1,485.59","$191.48","$239.27","45K","92%+"
"54843","$3,119.35","$3,938.16","$1,896.60","$2,213.30","$1,031.27","$1,485.59","$191.48","$239.27","45K","92%+"
"54844","$3,119.35","$3,938.16","$1,896.60","$2,213.30","$1,031.27","$1,485.59","$191.48","$239.27","45K","92%+"
"54846","$3,119.35","$3,938.16","$1,896.60","$2,213.30","$1,031.27","$1,485.59","$191.48","$239.27","45K","92%+"
"54847","$3,119.35","$3,938.16","$1,896.60","$2,213.30","$1,031.27","$1,485.59","$191.48","$239.27","45K","92%+"
"54848","$3,119.35","$3,938.16","$1,896.60","$2,213.30","$1,031.27","$1,485.59","$191.48","$239.27","45K","92%+"
"54849","$3,119.35","$3,938.16","$1,896.60","$2,213.30","$1,031.27","$1,485.59","$191.48","$239.27","45K","92%+"
"54853","$3,119.35","$3,938.16","$1,896.60","$2,213.30","$1,031.27","$1,485.59","$191.48","$239.27","45K","92%+"
"54854","$3,119.35","$3,938.16","$1,896.60","$2,213.30","$1,031.27","$1,485.59","$191.48","$239.27","45K","92%+"
"54856","$3,119.35","$3,938.16","$1,896.60","$2,213.30","$1,031.27","$1,485.59","$191.48","$239.27","45K","92%+"
"54858","$3,119.35","$3,938.16","$1,896.60","$2,213.30","$1,031.27","$1,485.59","$191.48","$239.27","45K","92%+"
"54859","$3,119.35","$3,938.16","$1,896.60","$2,213.30","$1,031.27","$1,485.59","$191.48","$239.27","45K","92%+"
"54864","$3,119.35","$3,938.16","$1,896.60","$2,213.30","$1,031.27","$1,485.59","$191.48","$239.27","45K","92%+"
"54865","$3,119.35","$3,938.16","$1,896.60","$2,213.30","$1,031.27","$1,485.59","$191.48","$239.27","45K","92%+"
"54867","$3,119.35","$3,938.16","$1,896.60","$2,213.30","$1,031.27","$1,485.59","$191.48","$239.27","45K","92%+"
"54868","$3,119.35","$3,938.16","$1,896.60","$2,213.30","$1,031.27","$1,485.59","$191.48","$239.27","45K","92%+"
"54870","$3,119.35","$3,938.16","$1,896.60","$2,213.30","$1,031.27","$1,485.59","$191.48","$239.27","45K","92%+"
"54871","$3,119.35","$3,938.16","$1,896.60","$2,213.30","$1,031.27","$1,485.59","$191.48","$239.27","45K","92%+"
"54872","$3,119.35","$3,938.16","$1,896.60","$2,213.30","$1,031.27","$1,485.59","$191.48","$239.27","45K","92%+"
"54873","$3,119.35","$3,938.16","$1,896.60","$2,213.30","$1,031.27","$1,485.59","$191.48","$239.27","45K","92%+"
"54874","$3,119.35","$3,938.16","$1,896.60","$2,213.30","$1,031.27","$1,485.59","$191.48","$239.27","45K","92%+"
"54875","$3,119.35","$3,938.16","$1,896.60","$2,213.30","$1,031.27","$1,485.59","$191.48","$239.27","45K","92%+"
"54876","$3,119.35","$3,938.16","$1,896.60","$2,213.30","$1,031.27","$1,485.59","$191.48","$239.27","45K","92%+"
"54880","$3,119.35","$3,938.16","$1,896.60","$2,213.30","$1,031.27","$1,485.59","$191.48","$239.27","45K","92%+"
"54888","$3,119.35","$3,938.16","$1,896.60","$2,213.30","$1,031.27","$1,485.59","$191.48","$239.27","45K","92%+"
"54889","$3,119.35","$3,938.16","$1,896.60","$2,213.30","$1,031.27","$1,485.59","$191.48","$239.27","45K","92%+"
"54891","$3,119.35","$3,938.16","$1,896.60","$2,213.30","$1,031.27","$1,485.59","$191.48","$239.27","45K","92%+"
"54893","$3,119.35","$3,938.16","$1,896.60","$2,213.30","$1,031.27","$1,485.59","$191.48","$239.27","45K","92%+"
"54895","$3,119.35","$3,938.16","$1,896.60","$2,213.30","$1,031.27","$1,485.59","$191.48","$239.27","45K","92%+"
"54896","$3,119.35","$3,938.16","$1,896.60","$2,213.30","$1,031.27","$1,485.59","$191.48","$239.27","45K","92%+"
"54901","$3,074.51","$3,873.57","$1,896.60","$2,213.30","$986.43","$1,421.00","$191.48","$239.27","45K","92%+"
"54902","$3,074.51","$3,873.57","$1,896.60","$2,213.30","$986.43","$1,421.00","$191.48","$239.27","45K","92%+"
"54904","$3,074.51","$3,873.57","$1,896.60","$2,213.30","$986.43","$1,421.00","$191.48","$239.27","45K","92%+"
"54906","$3,074.51","$3,873.57","$1,896.60","$2,213.30","$986.43","$1,421.00","$191.48","$239.27","45K","92%+"
"54909","$3,074.51","$3,873.57","$1,896.60","$2,213.30","$986.43","$1,421.00","$191.48","$239.27","45K","92%+"
"54911","$3,074.51","$3,873.57","$1,896.60","$2,213.30","$986.43","$1,421.00","$191.48","$239.27","45K","92%+"
"54911","$3,074.51","$3,873.57","$1,896.60","$2,213.30","$986.43","$1,421.00","$191.48","$239.27","45K","92%+"
"54913","$3,074.51","$3,873.57","$1,896.60","$2,213.30","$986.43","$1,421.00","$191.48","$239.27","45K","92%+"
"54914","$3,074.51","$3,873.57","$1,896.60","$2,213.30","$986.43","$1,421.00","$191.48","$239.27","45K","92%+"
"54915","$3,074.51","$3,873.57","$1,896.60","$2,213.30","$986.43","$1,421.00","$191.48","$239.27","45K","92%+"
"54919","$3,074.51","$3,873.57","$1,896.60","$2,213.30","$986.43","$1,421.00","$191.48","$239.27","45K","92%+"
"54921","$3,074.51","$3,873.57","$1,896.60","$2,213.30","$986.43","$1,421.00","$191.48","$239.27","45K","92%+"
"54922","$3,074.51","$3,873.57","$1,896.60","$2,213.30","$986.43","$1,421.00","$191.48","$239.27","45K","92%+"
"54923","$3,074.51","$3,873.57","$1,896.60","$2,213.30","$986.43","$1,421.00","$191.48","$239.27","45K","92%+"
"54928","$3,074.51","$3,873.57","$1,896.60","$2,213.30","$986.43","$1,421.00","$191.48","$239.27","45K","92%+"
"54929","$3,074.51","$3,873.57","$1,896.60","$2,213.30","$986.43","$1,421.00","$191.48","$239.27","45K","92%+"
"54930","$3,074.51","$3,873.57","$1,896.60","$2,213.30","$986.43","$1,421.00","$191.48","$239.27","45K","92%+"
"54932","$3,074.51","$3,873.57","$1,896.60","$2,213.30","$986.43","$1,421.00","$191.48","$239.27","45K","92%+"
"54935","$3,074.51","$3,873.57","$1,896.60","$2,213.30","$986.43","$1,421.00","$191.48","$239.27","45K","92%+"
"54937","$3,074.51","$3,873.57","$1,896.60","$2,213.30","$986.43","$1,421.00","$191.48","$239.27","45K","92%+"
"54940","$3,074.51","$3,873.57","$1,896.60","$2,213.30","$986.43","$1,421.00","$191.48","$239.27","45K","92%+"
"54941","$3,074.51","$3,873.57","$1,896.60","$2,213.30","$986.43","$1,421.00","$191.48","$239.27","45K","92%+"
"54942","$3,074.51","$3,873.57","$1,896.60","$2,213.30","$986.43","$1,421.00","$191.48","$239.27","45K","92%+"
"54943","$3,074.51","$3,873.57","$1,896.60","$2,213.30","$986.43","$1,421.00","$191.48","$239.27","45K","92%+"
"54944","$3,074.51","$3,873.57","$1,896.60","$2,213.30","$986.43","$1,421.00","$191.48","$239.27","45K","92%+"
"54945","$3,074.51","$3,873.57","$1,896.60","$2,213.30","$986.43","$1,421.00","$191.48","$239.27","45K","92%+"
"54947","$3,074.51","$3,873.57","$1,896.60","$2,213.30","$986.43","$1,421.00","$191.48","$239.27","45K","92%+"
"54948","$3,074.51","$3,873.57","$1,896.60","$2,213.30","$986.43","$1,421.00","$191.48","$239.27","45K","92%+"
"54949","$3,074.51","$3,873.57","$1,896.60","$2,213.30","$986.43","$1,421.00","$191.48","$239.27","45K","92%+"
"54950","$3,074.51","$3,873.57","$1,896.60","$2,213.30","$986.43","$1,421.00","$191.48","$239.27","45K","92%+"
"54952","$3,074.51","$3,873.57","$1,896.60","$2,213.30","$986.43","$1,421.00","$191.48","$239.27","45K","92%+"
"54956","$3,074.51","$3,873.57","$1,896.60","$2,213.30","$986.43","$1,421.00","$191.48","$239.27","45K","92%+"
"54960","$3,074.51","$3,873.57","$1,896.60","$2,213.30","$986.43","$1,421.00","$191.48","$239.27","45K","92%+"
"54961","$3,074.51","$3,873.57","$1,896.60","$2,213.30","$986.43","$1,421.00","$191.48","$239.27","45K","92%+"
"54962","$3,074.51","$3,873.57","$1,896.60","$2,213.30","$986.43","$1,421.00","$191.48","$239.27","45K","92%+"
"54963","$3,074.51","$3,873.57","$1,896.60","$2,213.30","$986.43","$1,421.00","$191.48","$239.27","45K","92%+"
"54964","$3,074.51","$3,873.57","$1,896.60","$2,213.30","$986.43","$1,421.00","$191.48","$239.27","45K","92%+"
"54965","$3,074.51","$3,873.57","$1,896.60","$2,213.30","$986.43","$1,421.00","$191.48","$239.27","45K","92%+"
"54966","$3,074.51","$3,873.57","$1,896.60","$2,213.30","$986.43","$1,421.00","$191.48","$239.27","45K","92%+"
"54967","$3,074.51","$3,873.57","$1,896.60","$2,213.30","$986.43","$1,421.00","$191.48","$239.27","45K","92%+"
"54968","$3,074.51","$3,873.57","$1,896.60","$2,213.30","$986.43","$1,421.00","$191.48","$239.27","45K","92%+"
"54970","$3,074.51","$3,873.57","$1,896.60","$2,213.30","$986.43","$1,421.00","$191.48","$239.27","45K","92%+"
"54971","$3,074.51","$3,873.57","$1,896.60","$2,213.30","$986.43","$1,421.00","$191.48","$239.27","45K","92%+"
"54974","$3,074.51","$3,873.57","$1,896.60","$2,213.30","$986.43","$1,421.00","$191.48","$239.27","45K","92%+"
"54977","$3,074.51","$3,873.57","$1,896.60","$2,213.30","$986.43","$1,421.00","$191.48","$239.27","45K","92%+"
"54978","$3,074.51","$3,873.57","$1,896.60","$2,213.30","$986.43","$1,421.00","$191.48","$239.27","45K","92%+"
"54979","$3,074.51","$3,873.57","$1,896.60","$2,213.30","$986.43","$1,421.00","$191.48","$239.27","45K","92%+"
"54981","$3,074.51","$3,873.57","$1,896.60","$2,213.30","$986.43","$1,421.00","$191.48","$239.27","45K","92%+"
"54982","$3,074.51","$3,873.57","$1,896.60","$2,213.30","$986.43","$1,421.00","$191.48","$239.27","45K","92%+"
"54983","$3,074.51","$3,873.57","$1,896.60","$2,213.30","$986.43","$1,421.00","$191.48","$239.27","45K","92%+"
"54984","$3,074.51","$3,873.57","$1,896.60","$2,213.30","$986.43","$1,421.00","$191.48","$239.27","45K","92%+"
"54986","$3,074.51","$3,873.57","$1,896.60","$2,213.30","$986.43","$1,421.00","$191.48","$239.27","45K","92%+"
