"zipcode","totalcost_low","totalcost_high","systemcost_low","systemcost_high","laborcost_low","laborcost_high","jobsupplycost_low","jobsupplycost_high","size","efficiency","price_region"
53001,3810.69,4537.34,3017.88,3521.82,679.14,864.77,113.67,150.75,"175K","85%+",1
53002,3810.69,4537.34,3017.88,3521.82,679.14,864.77,113.67,150.75,"175K","85%+",1
53004,3810.69,4537.34,3017.88,3521.82,679.14,864.77,113.67,150.75,"175K","85%+",1
53005,3810.69,4537.34,3017.88,3521.82,679.14,864.77,113.67,150.75,"175K","85%+",1
53006,3810.69,4537.34,3017.88,3521.82,679.14,864.77,113.67,150.75,"175K","85%+",1
53007,3810.69,4537.34,3017.88,3521.82,679.14,864.77,113.67,150.75,"175K","85%+",1
53010,3810.69,4537.34,3017.88,3521.82,679.14,864.77,113.67,150.75,"175K","85%+",1
53011,3810.69,4537.34,3017.88,3521.82,679.14,864.77,113.67,150.75,"175K","85%+",1
53012,3810.69,4537.34,3017.88,3521.82,679.14,864.77,113.67,150.75,"175K","85%+",1
53013,3810.69,4537.34,3017.88,3521.82,679.14,864.77,113.67,150.75,"175K","85%+",1
53014,3810.69,4537.34,3017.88,3521.82,679.14,864.77,113.67,150.75,"175K","85%+",1
53015,3810.69,4537.34,3017.88,3521.82,679.14,864.77,113.67,150.75,"175K","85%+",1
53017,3810.69,4537.34,3017.88,3521.82,679.14,864.77,113.67,150.75,"175K","85%+",1
53018,3810.69,4537.34,3017.88,3521.82,679.14,864.77,113.67,150.75,"175K","85%+",1
53019,3810.69,4537.34,3017.88,3521.82,679.14,864.77,113.67,150.75,"175K","85%+",1
53020,3810.69,4537.34,3017.88,3521.82,679.14,864.77,113.67,150.75,"175K","85%+",1
53021,3810.69,4537.34,3017.88,3521.82,679.14,864.77,113.67,150.75,"175K","85%+",1
53022,3810.69,4537.34,3017.88,3521.82,679.14,864.77,113.67,150.75,"175K","85%+",1
53023,3810.69,4537.34,3017.88,3521.82,679.14,864.77,113.67,150.75,"175K","85%+",1
53024,3810.69,4537.34,3017.88,3521.82,679.14,864.77,113.67,150.75,"175K","85%+",1
53027,3810.69,4537.34,3017.88,3521.82,679.14,864.77,113.67,150.75,"175K","85%+",1
53029,3810.69,4537.34,3017.88,3521.82,679.14,864.77,113.67,150.75,"175K","85%+",1
53032,3810.69,4537.34,3017.88,3521.82,679.14,864.77,113.67,150.75,"175K","85%+",1
53033,3810.69,4537.34,3017.88,3521.82,679.14,864.77,113.67,150.75,"175K","85%+",1
53034,3810.69,4537.34,3017.88,3521.82,679.14,864.77,113.67,150.75,"175K","85%+",1
53035,3810.69,4537.34,3017.88,3521.82,679.14,864.77,113.67,150.75,"175K","85%+",1
53036,3810.69,4537.34,3017.88,3521.82,679.14,864.77,113.67,150.75,"175K","85%+",1
53037,3810.69,4537.34,3017.88,3521.82,679.14,864.77,113.67,150.75,"175K","85%+",1
53038,3810.69,4537.34,3017.88,3521.82,679.14,864.77,113.67,150.75,"175K","85%+",1
53039,3810.69,4537.34,3017.88,3521.82,679.14,864.77,113.67,150.75,"175K","85%+",1
53040,3810.69,4537.34,3017.88,3521.82,679.14,864.77,113.67,150.75,"175K","85%+",1
53042,3810.69,4537.34,3017.88,3521.82,679.14,864.77,113.67,150.75,"175K","85%+",1
53044,3810.69,4537.34,3017.88,3521.82,679.14,864.77,113.67,150.75,"175K","85%+",1
53045,3810.69,4537.34,3017.88,3521.82,679.14,864.77,113.67,150.75,"175K","85%+",1
53046,3810.69,4537.34,3017.88,3521.82,679.14,864.77,113.67,150.75,"175K","85%+",1
53048,3810.69,4537.34,3017.88,3521.82,679.14,864.77,113.67,150.75,"175K","85%+",1
53049,3810.69,4537.34,3017.88,3521.82,679.14,864.77,113.67,150.75,"175K","85%+",1
53050,3810.69,4537.34,3017.88,3521.82,679.14,864.77,113.67,150.75,"175K","85%+",1
53051,3810.69,4537.34,3017.88,3521.82,679.14,864.77,113.67,150.75,"175K","85%+",1
53057,3810.69,4537.34,3017.88,3521.82,679.14,864.77,113.67,150.75,"175K","85%+",1
53058,3810.69,4537.34,3017.88,3521.82,679.14,864.77,113.67,150.75,"175K","85%+",1
53059,3810.69,4537.34,3017.88,3521.82,679.14,864.77,113.67,150.75,"175K","85%+",1
53061,3810.69,4537.34,3017.88,3521.82,679.14,864.77,113.67,150.75,"175K","85%+",1
53062,3810.69,4537.34,3017.88,3521.82,679.14,864.77,113.67,150.75,"175K","85%+",1
53063,3810.69,4537.34,3017.88,3521.82,679.14,864.77,113.67,150.75,"175K","85%+",1
53065,3810.69,4537.34,3017.88,3521.82,679.14,864.77,113.67,150.75,"175K","85%+",1
53066,3810.69,4537.34,3017.88,3521.82,679.14,864.77,113.67,150.75,"175K","85%+",1
53069,3810.69,4537.34,3017.88,3521.82,679.14,864.77,113.67,150.75,"175K","85%+",1
53070,3810.69,4537.34,3017.88,3521.82,679.14,864.77,113.67,150.75,"175K","85%+",1
53072,3810.69,4537.34,3017.88,3521.82,679.14,864.77,113.67,150.75,"175K","85%+",1
53072,3810.69,4537.34,3017.88,3521.82,679.14,864.77,113.67,150.75,"175K","85%+",1
53073,3810.69,4537.34,3017.88,3521.82,679.14,864.77,113.67,150.75,"175K","85%+",1
53074,3810.69,4537.34,3017.88,3521.82,679.14,864.77,113.67,150.75,"175K","85%+",1
53075,3810.69,4537.34,3017.88,3521.82,679.14,864.77,113.67,150.75,"175K","85%+",1
53076,3810.69,4537.34,3017.88,3521.82,679.14,864.77,113.67,150.75,"175K","85%+",1
53078,3810.69,4537.34,3017.88,3521.82,679.14,864.77,113.67,150.75,"175K","85%+",1
53079,3810.69,4537.34,3017.88,3521.82,679.14,864.77,113.67,150.75,"175K","85%+",1
53080,3810.69,4537.34,3017.88,3521.82,679.14,864.77,113.67,150.75,"175K","85%+",1
53081,3810.69,4537.34,3017.88,3521.82,679.14,864.77,113.67,150.75,"175K","85%+",1
53083,3810.69,4537.34,3017.88,3521.82,679.14,864.77,113.67,150.75,"175K","85%+",1
53085,3810.69,4537.34,3017.88,3521.82,679.14,864.77,113.67,150.75,"175K","85%+",1
53086,3810.69,4537.34,3017.88,3521.82,679.14,864.77,113.67,150.75,"175K","85%+",1
53089,3810.69,4537.34,3017.88,3521.82,679.14,864.77,113.67,150.75,"175K","85%+",1
53090,3810.69,4537.34,3017.88,3521.82,679.14,864.77,113.67,150.75,"175K","85%+",1
53091,3810.69,4537.34,3017.88,3521.82,679.14,864.77,113.67,150.75,"175K","85%+",1
53092,3810.69,4537.34,3017.88,3521.82,679.14,864.77,113.67,150.75,"175K","85%+",1
53093,3810.69,4537.34,3017.88,3521.82,679.14,864.77,113.67,150.75,"175K","85%+",1
53094,3810.69,4537.34,3017.88,3521.82,679.14,864.77,113.67,150.75,"175K","85%+",1
53094,3810.69,4537.34,3017.88,3521.82,679.14,864.77,113.67,150.75,"175K","85%+",1
53095,3810.69,4537.34,3017.88,3521.82,679.14,864.77,113.67,150.75,"175K","85%+",1
53097,3810.69,4537.34,3017.88,3521.82,679.14,864.77,113.67,150.75,"175K","85%+",1
53098,3810.69,4537.34,3017.88,3521.82,679.14,864.77,113.67,150.75,"175K","85%+",1
53099,3810.69,4537.34,3017.88,3521.82,679.14,864.77,113.67,150.75,"175K","85%+",1
53103,3810.69,4537.34,3017.88,3521.82,679.14,864.77,113.67,150.75,"175K","85%+",1
53104,3810.69,4537.34,3017.88,3521.82,679.14,864.77,113.67,150.75,"175K","85%+",1
53105,3810.69,4537.34,3017.88,3521.82,679.14,864.77,113.67,150.75,"175K","85%+",1
53108,3810.69,4537.34,3017.88,3521.82,679.14,864.77,113.67,150.75,"175K","85%+",1
53110,3810.69,4537.34,3017.88,3521.82,679.14,864.77,113.67,150.75,"175K","85%+",1
53114,3810.69,4537.34,3017.88,3521.82,679.14,864.77,113.67,150.75,"175K","85%+",1
53115,3810.69,4537.34,3017.88,3521.82,679.14,864.77,113.67,150.75,"175K","85%+",1
53118,3810.69,4537.34,3017.88,3521.82,679.14,864.77,113.67,150.75,"175K","85%+",1
53119,3810.69,4537.34,3017.88,3521.82,679.14,864.77,113.67,150.75,"175K","85%+",1
53120,3810.69,4537.34,3017.88,3521.82,679.14,864.77,113.67,150.75,"175K","85%+",1
53121,3810.69,4537.34,3017.88,3521.82,679.14,864.77,113.67,150.75,"175K","85%+",1
53122,3810.69,4537.34,3017.88,3521.82,679.14,864.77,113.67,150.75,"175K","85%+",1
53125,3810.69,4537.34,3017.88,3521.82,679.14,864.77,113.67,150.75,"175K","85%+",1
53126,3810.69,4537.34,3017.88,3521.82,679.14,864.77,113.67,150.75,"175K","85%+",1
53128,3810.69,4537.34,3017.88,3521.82,679.14,864.77,113.67,150.75,"175K","85%+",1
53129,3810.69,4537.34,3017.88,3521.82,679.14,864.77,113.67,150.75,"175K","85%+",1
53130,3810.69,4537.34,3017.88,3521.82,679.14,864.77,113.67,150.75,"175K","85%+",1
53137,3810.69,4537.34,3017.88,3521.82,679.14,864.77,113.67,150.75,"175K","85%+",1
53139,3810.69,4537.34,3017.88,3521.82,679.14,864.77,113.67,150.75,"175K","85%+",1
53140,3810.69,4537.34,3017.88,3521.82,679.14,864.77,113.67,150.75,"175K","85%+",1
53142,3810.69,4537.34,3017.88,3521.82,679.14,864.77,113.67,150.75,"175K","85%+",1
53143,3810.69,4537.34,3017.88,3521.82,679.14,864.77,113.67,150.75,"175K","85%+",1
53144,3810.69,4537.34,3017.88,3521.82,679.14,864.77,113.67,150.75,"175K","85%+",1
53147,3810.69,4537.34,3017.88,3521.82,679.14,864.77,113.67,150.75,"175K","85%+",1
53149,3810.69,4537.34,3017.88,3521.82,679.14,864.77,113.67,150.75,"175K","85%+",1
53150,3810.69,4537.34,3017.88,3521.82,679.14,864.77,113.67,150.75,"175K","85%+",1
53153,3810.69,4537.34,3017.88,3521.82,679.14,864.77,113.67,150.75,"175K","85%+",1
53154,3810.69,4537.34,3017.88,3521.82,679.14,864.77,113.67,150.75,"175K","85%+",1
53156,3810.69,4537.34,3017.88,3521.82,679.14,864.77,113.67,150.75,"175K","85%+",1
53158,3810.69,4537.34,3017.88,3521.82,679.14,864.77,113.67,150.75,"175K","85%+",1
53158,3810.69,4537.34,3017.88,3521.82,679.14,864.77,113.67,150.75,"175K","85%+",1
53168,3810.69,4537.34,3017.88,3521.82,679.14,864.77,113.67,150.75,"175K","85%+",1
53170,3810.69,4537.34,3017.88,3521.82,679.14,864.77,113.67,150.75,"175K","85%+",1
53172,3810.69,4537.34,3017.88,3521.82,679.14,864.77,113.67,150.75,"175K","85%+",1
53177,3810.69,4537.34,3017.88,3521.82,679.14,864.77,113.67,150.75,"175K","85%+",1
53178,3810.69,4537.34,3017.88,3521.82,679.14,864.77,113.67,150.75,"175K","85%+",1
53179,3810.69,4537.34,3017.88,3521.82,679.14,864.77,113.67,150.75,"175K","85%+",1
53181,3810.69,4537.34,3017.88,3521.82,679.14,864.77,113.67,150.75,"175K","85%+",1
53182,3810.69,4537.34,3017.88,3521.82,679.14,864.77,113.67,150.75,"175K","85%+",1
53183,3810.69,4537.34,3017.88,3521.82,679.14,864.77,113.67,150.75,"175K","85%+",1
53184,3810.69,4537.34,3017.88,3521.82,679.14,864.77,113.67,150.75,"175K","85%+",1
53185,3810.69,4537.34,3017.88,3521.82,679.14,864.77,113.67,150.75,"175K","85%+",1
53186,3810.69,4537.34,3017.88,3521.82,679.14,864.77,113.67,150.75,"175K","85%+",1
53188,3810.69,4537.34,3017.88,3521.82,679.14,864.77,113.67,150.75,"175K","85%+",1
53189,3810.69,4537.34,3017.88,3521.82,679.14,864.77,113.67,150.75,"175K","85%+",1
53190,3810.69,4537.34,3017.88,3521.82,679.14,864.77,113.67,150.75,"175K","85%+",1
53191,3810.69,4537.34,3017.88,3521.82,679.14,864.77,113.67,150.75,"175K","85%+",1
53202,3810.69,4537.34,3017.88,3521.82,679.14,864.77,113.67,150.75,"175K","85%+",1
53203,3810.69,4537.34,3017.88,3521.82,679.14,864.77,113.67,150.75,"175K","85%+",1
53204,3810.69,4537.34,3017.88,3521.82,679.14,864.77,113.67,150.75,"175K","85%+",1
53205,3810.69,4537.34,3017.88,3521.82,679.14,864.77,113.67,150.75,"175K","85%+",1
53206,3810.69,4537.34,3017.88,3521.82,679.14,864.77,113.67,150.75,"175K","85%+",1
53207,3810.69,4537.34,3017.88,3521.82,679.14,864.77,113.67,150.75,"175K","85%+",1
53208,3810.69,4537.34,3017.88,3521.82,679.14,864.77,113.67,150.75,"175K","85%+",1
53209,3810.69,4537.34,3017.88,3521.82,679.14,864.77,113.67,150.75,"175K","85%+",1
53210,3810.69,4537.34,3017.88,3521.82,679.14,864.77,113.67,150.75,"175K","85%+",1
53211,3810.69,4537.34,3017.88,3521.82,679.14,864.77,113.67,150.75,"175K","85%+",1
53212,3810.69,4537.34,3017.88,3521.82,679.14,864.77,113.67,150.75,"175K","85%+",1
53213,3810.69,4537.34,3017.88,3521.82,679.14,864.77,113.67,150.75,"175K","85%+",1
53214,3810.69,4537.34,3017.88,3521.82,679.14,864.77,113.67,150.75,"175K","85%+",1
53215,3810.69,4537.34,3017.88,3521.82,679.14,864.77,113.67,150.75,"175K","85%+",1
53216,3810.69,4537.34,3017.88,3521.82,679.14,864.77,113.67,150.75,"175K","85%+",1
53217,3810.69,4537.34,3017.88,3521.82,679.14,864.77,113.67,150.75,"175K","85%+",1
53218,3810.69,4537.34,3017.88,3521.82,679.14,864.77,113.67,150.75,"175K","85%+",1
53219,3810.69,4537.34,3017.88,3521.82,679.14,864.77,113.67,150.75,"175K","85%+",1
53220,3810.69,4537.34,3017.88,3521.82,679.14,864.77,113.67,150.75,"175K","85%+",1
53221,3810.69,4537.34,3017.88,3521.82,679.14,864.77,113.67,150.75,"175K","85%+",1
53222,3810.69,4537.34,3017.88,3521.82,679.14,864.77,113.67,150.75,"175K","85%+",1
53223,3810.69,4537.34,3017.88,3521.82,679.14,864.77,113.67,150.75,"175K","85%+",1
53224,3810.69,4537.34,3017.88,3521.82,679.14,864.77,113.67,150.75,"175K","85%+",1
53225,3810.69,4537.34,3017.88,3521.82,679.14,864.77,113.67,150.75,"175K","85%+",1
53226,3810.69,4537.34,3017.88,3521.82,679.14,864.77,113.67,150.75,"175K","85%+",1
53227,3810.69,4537.34,3017.88,3521.82,679.14,864.77,113.67,150.75,"175K","85%+",1
53228,3810.69,4537.34,3017.88,3521.82,679.14,864.77,113.67,150.75,"175K","85%+",1
53233,3810.69,4537.34,3017.88,3521.82,679.14,864.77,113.67,150.75,"175K","85%+",1
53235,3810.69,4537.34,3017.88,3521.82,679.14,864.77,113.67,150.75,"175K","85%+",1
53259,3810.69,4537.34,3017.88,3521.82,679.14,864.77,113.67,150.75,"175K","85%+",1
53263,3810.69,4537.34,3017.88,3521.82,679.14,864.77,113.67,150.75,"175K","85%+",1
53274,3810.69,4537.34,3017.88,3521.82,679.14,864.77,113.67,150.75,"175K","85%+",1
53278,3810.69,4537.34,3017.88,3521.82,679.14,864.77,113.67,150.75,"175K","85%+",1
53288,3810.69,4537.34,3017.88,3521.82,679.14,864.77,113.67,150.75,"175K","85%+",1
53290,3810.69,4537.34,3017.88,3521.82,679.14,864.77,113.67,150.75,"175K","85%+",1
53293,3810.69,4537.34,3017.88,3521.82,679.14,864.77,113.67,150.75,"175K","85%+",1
53295,3810.69,4537.34,3017.88,3521.82,679.14,864.77,113.67,150.75,"175K","85%+",1
53402,3810.69,4537.34,3017.88,3521.82,679.14,864.77,113.67,150.75,"175K","85%+",1
53403,3810.69,4537.34,3017.88,3521.82,679.14,864.77,113.67,150.75,"175K","85%+",1
53404,3810.69,4537.34,3017.88,3521.82,679.14,864.77,113.67,150.75,"175K","85%+",1
53405,3810.69,4537.34,3017.88,3521.82,679.14,864.77,113.67,150.75,"175K","85%+",1
53406,3810.69,4537.34,3017.88,3521.82,679.14,864.77,113.67,150.75,"175K","85%+",1
53407,3810.69,4537.34,3017.88,3521.82,679.14,864.77,113.67,150.75,"175K","85%+",1
53502,3810.69,4537.34,3017.88,3521.82,679.14,864.77,113.67,150.75,"175K","85%+",1
53503,3810.69,4537.34,3017.88,3521.82,679.14,864.77,113.67,150.75,"175K","85%+",1
53504,3810.69,4537.34,3017.88,3521.82,679.14,864.77,113.67,150.75,"175K","85%+",1
53505,3810.69,4537.34,3017.88,3521.82,679.14,864.77,113.67,150.75,"175K","85%+",1
53506,3810.69,4537.34,3017.88,3521.82,679.14,864.77,113.67,150.75,"175K","85%+",1
53507,3810.69,4537.34,3017.88,3521.82,679.14,864.77,113.67,150.75,"175K","85%+",1
53508,3810.69,4537.34,3017.88,3521.82,679.14,864.77,113.67,150.75,"175K","85%+",1
53510,3810.69,4537.34,3017.88,3521.82,679.14,864.77,113.67,150.75,"175K","85%+",1
53511,3810.69,4537.34,3017.88,3521.82,679.14,864.77,113.67,150.75,"175K","85%+",1
53515,3810.69,4537.34,3017.88,3521.82,679.14,864.77,113.67,150.75,"175K","85%+",1
53516,3810.69,4537.34,3017.88,3521.82,679.14,864.77,113.67,150.75,"175K","85%+",1
53517,3810.69,4537.34,3017.88,3521.82,679.14,864.77,113.67,150.75,"175K","85%+",1
53518,3810.69,4537.34,3017.88,3521.82,679.14,864.77,113.67,150.75,"175K","85%+",1
53520,3810.69,4537.34,3017.88,3521.82,679.14,864.77,113.67,150.75,"175K","85%+",1
53521,3810.69,4537.34,3017.88,3521.82,679.14,864.77,113.67,150.75,"175K","85%+",1
53522,3810.69,4537.34,3017.88,3521.82,679.14,864.77,113.67,150.75,"175K","85%+",1
53523,3810.69,4537.34,3017.88,3521.82,679.14,864.77,113.67,150.75,"175K","85%+",1
53525,3810.69,4537.34,3017.88,3521.82,679.14,864.77,113.67,150.75,"175K","85%+",1
53526,3810.69,4537.34,3017.88,3521.82,679.14,864.77,113.67,150.75,"175K","85%+",1
53527,3810.69,4537.34,3017.88,3521.82,679.14,864.77,113.67,150.75,"175K","85%+",1
53528,3810.69,4537.34,3017.88,3521.82,679.14,864.77,113.67,150.75,"175K","85%+",1
53529,3810.69,4537.34,3017.88,3521.82,679.14,864.77,113.67,150.75,"175K","85%+",1
53530,3810.69,4537.34,3017.88,3521.82,679.14,864.77,113.67,150.75,"175K","85%+",1
53531,3810.69,4537.34,3017.88,3521.82,679.14,864.77,113.67,150.75,"175K","85%+",1
53532,3810.69,4537.34,3017.88,3521.82,679.14,864.77,113.67,150.75,"175K","85%+",1
53533,3810.69,4537.34,3017.88,3521.82,679.14,864.77,113.67,150.75,"175K","85%+",1
53534,3810.69,4537.34,3017.88,3521.82,679.14,864.77,113.67,150.75,"175K","85%+",1
53536,3810.69,4537.34,3017.88,3521.82,679.14,864.77,113.67,150.75,"175K","85%+",1
53538,3810.69,4537.34,3017.88,3521.82,679.14,864.77,113.67,150.75,"175K","85%+",1
53541,3810.69,4537.34,3017.88,3521.82,679.14,864.77,113.67,150.75,"175K","85%+",1
53543,3810.69,4537.34,3017.88,3521.82,679.14,864.77,113.67,150.75,"175K","85%+",1
53544,3810.69,4537.34,3017.88,3521.82,679.14,864.77,113.67,150.75,"175K","85%+",1
53545,3810.69,4537.34,3017.88,3521.82,679.14,864.77,113.67,150.75,"175K","85%+",1
53546,3810.69,4537.34,3017.88,3521.82,679.14,864.77,113.67,150.75,"175K","85%+",1
53548,3810.69,4537.34,3017.88,3521.82,679.14,864.77,113.67,150.75,"175K","85%+",1
53549,3810.69,4537.34,3017.88,3521.82,679.14,864.77,113.67,150.75,"175K","85%+",1
53550,3810.69,4537.34,3017.88,3521.82,679.14,864.77,113.67,150.75,"175K","85%+",1
53551,3810.69,4537.34,3017.88,3521.82,679.14,864.77,113.67,150.75,"175K","85%+",1
53553,3810.69,4537.34,3017.88,3521.82,679.14,864.77,113.67,150.75,"175K","85%+",1
53554,3810.69,4537.34,3017.88,3521.82,679.14,864.77,113.67,150.75,"175K","85%+",1
53555,3810.69,4537.34,3017.88,3521.82,679.14,864.77,113.67,150.75,"175K","85%+",1
53556,3810.69,4537.34,3017.88,3521.82,679.14,864.77,113.67,150.75,"175K","85%+",1
53557,3810.69,4537.34,3017.88,3521.82,679.14,864.77,113.67,150.75,"175K","85%+",1
53558,3810.69,4537.34,3017.88,3521.82,679.14,864.77,113.67,150.75,"175K","85%+",1
53559,3810.69,4537.34,3017.88,3521.82,679.14,864.77,113.67,150.75,"175K","85%+",1
53560,3810.69,4537.34,3017.88,3521.82,679.14,864.77,113.67,150.75,"175K","85%+",1
53561,3810.69,4537.34,3017.88,3521.82,679.14,864.77,113.67,150.75,"175K","85%+",1
53563,3810.69,4537.34,3017.88,3521.82,679.14,864.77,113.67,150.75,"175K","85%+",1
53565,3810.69,4537.34,3017.88,3521.82,679.14,864.77,113.67,150.75,"175K","85%+",1
53566,3810.69,4537.34,3017.88,3521.82,679.14,864.77,113.67,150.75,"175K","85%+",1
53569,3810.69,4537.34,3017.88,3521.82,679.14,864.77,113.67,150.75,"175K","85%+",1
53570,3810.69,4537.34,3017.88,3521.82,679.14,864.77,113.67,150.75,"175K","85%+",1
53572,3810.69,4537.34,3017.88,3521.82,679.14,864.77,113.67,150.75,"175K","85%+",1
53573,3810.69,4537.34,3017.88,3521.82,679.14,864.77,113.67,150.75,"175K","85%+",1
53574,3810.69,4537.34,3017.88,3521.82,679.14,864.77,113.67,150.75,"175K","85%+",1
53575,3810.69,4537.34,3017.88,3521.82,679.14,864.77,113.67,150.75,"175K","85%+",1
53576,3810.69,4537.34,3017.88,3521.82,679.14,864.77,113.67,150.75,"175K","85%+",1
53577,3810.69,4537.34,3017.88,3521.82,679.14,864.77,113.67,150.75,"175K","85%+",1
53578,3810.69,4537.34,3017.88,3521.82,679.14,864.77,113.67,150.75,"175K","85%+",1
53579,3810.69,4537.34,3017.88,3521.82,679.14,864.77,113.67,150.75,"175K","85%+",1
53580,3810.69,4537.34,3017.88,3521.82,679.14,864.77,113.67,150.75,"175K","85%+",1
53581,3810.69,4537.34,3017.88,3521.82,679.14,864.77,113.67,150.75,"175K","85%+",1
53582,3810.69,4537.34,3017.88,3521.82,679.14,864.77,113.67,150.75,"175K","85%+",1
53583,3810.69,4537.34,3017.88,3521.82,679.14,864.77,113.67,150.75,"175K","85%+",1
53585,3810.69,4537.34,3017.88,3521.82,679.14,864.77,113.67,150.75,"175K","85%+",1
53586,3810.69,4537.34,3017.88,3521.82,679.14,864.77,113.67,150.75,"175K","85%+",1
53587,3810.69,4537.34,3017.88,3521.82,679.14,864.77,113.67,150.75,"175K","85%+",1
53588,3810.69,4537.34,3017.88,3521.82,679.14,864.77,113.67,150.75,"175K","85%+",1
53589,3810.69,4537.34,3017.88,3521.82,679.14,864.77,113.67,150.75,"175K","85%+",1
53590,3810.69,4537.34,3017.88,3521.82,679.14,864.77,113.67,150.75,"175K","85%+",1
53594,3810.69,4537.34,3017.88,3521.82,679.14,864.77,113.67,150.75,"175K","85%+",1
53595,3810.69,4537.34,3017.88,3521.82,679.14,864.77,113.67,150.75,"175K","85%+",1
53596,3810.69,4537.34,3017.88,3521.82,679.14,864.77,113.67,150.75,"175K","85%+",1
53597,3810.69,4537.34,3017.88,3521.82,679.14,864.77,113.67,150.75,"175K","85%+",1
53598,3810.69,4537.34,3017.88,3521.82,679.14,864.77,113.67,150.75,"175K","85%+",1
53702,3810.69,4537.34,3017.88,3521.82,679.14,864.77,113.67,150.75,"175K","85%+",1
53703,3810.69,4537.34,3017.88,3521.82,679.14,864.77,113.67,150.75,"175K","85%+",1
53704,3810.69,4537.34,3017.88,3521.82,679.14,864.77,113.67,150.75,"175K","85%+",1
53705,3810.69,4537.34,3017.88,3521.82,679.14,864.77,113.67,150.75,"175K","85%+",1
53706,3810.69,4537.34,3017.88,3521.82,679.14,864.77,113.67,150.75,"175K","85%+",1
53711,3810.69,4537.34,3017.88,3521.82,679.14,864.77,113.67,150.75,"175K","85%+",1
53713,3810.69,4537.34,3017.88,3521.82,679.14,864.77,113.67,150.75,"175K","85%+",1
53714,3810.69,4537.34,3017.88,3521.82,679.14,864.77,113.67,150.75,"175K","85%+",1
53715,3810.69,4537.34,3017.88,3521.82,679.14,864.77,113.67,150.75,"175K","85%+",1
53716,3810.69,4537.34,3017.88,3521.82,679.14,864.77,113.67,150.75,"175K","85%+",1
53717,3810.69,4537.34,3017.88,3521.82,679.14,864.77,113.67,150.75,"175K","85%+",1
53718,3810.69,4537.34,3017.88,3521.82,679.14,864.77,113.67,150.75,"175K","85%+",1
53719,3810.69,4537.34,3017.88,3521.82,679.14,864.77,113.67,150.75,"175K","85%+",1
53726,3810.69,4537.34,3017.88,3521.82,679.14,864.77,113.67,150.75,"175K","85%+",1
53774,3810.69,4537.34,3017.88,3521.82,679.14,864.77,113.67,150.75,"175K","85%+",1
53777,3810.69,4537.34,3017.88,3521.82,679.14,864.77,113.67,150.75,"175K","85%+",1
53782,3810.69,4537.34,3017.88,3521.82,679.14,864.77,113.67,150.75,"175K","85%+",1
53783,3810.69,4537.34,3017.88,3521.82,679.14,864.77,113.67,150.75,"175K","85%+",1
53784,3810.69,4537.34,3017.88,3521.82,679.14,864.77,113.67,150.75,"175K","85%+",1
53785,3810.69,4537.34,3017.88,3521.82,679.14,864.77,113.67,150.75,"175K","85%+",1
53786,3810.69,4537.34,3017.88,3521.82,679.14,864.77,113.67,150.75,"175K","85%+",1
53788,3810.69,4537.34,3017.88,3521.82,679.14,864.77,113.67,150.75,"175K","85%+",1
53790,3810.69,4537.34,3017.88,3521.82,679.14,864.77,113.67,150.75,"175K","85%+",1
53791,3810.69,4537.34,3017.88,3521.82,679.14,864.77,113.67,150.75,"175K","85%+",1
53792,3810.69,4537.34,3017.88,3521.82,679.14,864.77,113.67,150.75,"175K","85%+",1
53793,3810.69,4537.34,3017.88,3521.82,679.14,864.77,113.67,150.75,"175K","85%+",1
53794,3810.69,4537.34,3017.88,3521.82,679.14,864.77,113.67,150.75,"175K","85%+",1
53801,3810.69,4537.34,3017.88,3521.82,679.14,864.77,113.67,150.75,"175K","85%+",1
53803,3810.69,4537.34,3017.88,3521.82,679.14,864.77,113.67,150.75,"175K","85%+",1
53804,3810.69,4537.34,3017.88,3521.82,679.14,864.77,113.67,150.75,"175K","85%+",1
53805,3810.69,4537.34,3017.88,3521.82,679.14,864.77,113.67,150.75,"175K","85%+",1
53806,3810.69,4537.34,3017.88,3521.82,679.14,864.77,113.67,150.75,"175K","85%+",1
53807,3810.69,4537.34,3017.88,3521.82,679.14,864.77,113.67,150.75,"175K","85%+",1
53809,3810.69,4537.34,3017.88,3521.82,679.14,864.77,113.67,150.75,"175K","85%+",1
53810,3810.69,4537.34,3017.88,3521.82,679.14,864.77,113.67,150.75,"175K","85%+",1
53811,3810.69,4537.34,3017.88,3521.82,679.14,864.77,113.67,150.75,"175K","85%+",1
53813,3810.69,4537.34,3017.88,3521.82,679.14,864.77,113.67,150.75,"175K","85%+",1
53816,3810.69,4537.34,3017.88,3521.82,679.14,864.77,113.67,150.75,"175K","85%+",1
53818,3810.69,4537.34,3017.88,3521.82,679.14,864.77,113.67,150.75,"175K","85%+",1
53820,3810.69,4537.34,3017.88,3521.82,679.14,864.77,113.67,150.75,"175K","85%+",1
53821,3810.69,4537.34,3017.88,3521.82,679.14,864.77,113.67,150.75,"175K","85%+",1
53825,3810.69,4537.34,3017.88,3521.82,679.14,864.77,113.67,150.75,"175K","85%+",1
53826,3810.69,4537.34,3017.88,3521.82,679.14,864.77,113.67,150.75,"175K","85%+",1
53901,3810.69,4537.34,3017.88,3521.82,679.14,864.77,113.67,150.75,"175K","85%+",1
53910,3810.69,4537.34,3017.88,3521.82,679.14,864.77,113.67,150.75,"175K","85%+",1
53911,3810.69,4537.34,3017.88,3521.82,679.14,864.77,113.67,150.75,"175K","85%+",1
53913,3810.69,4537.34,3017.88,3521.82,679.14,864.77,113.67,150.75,"175K","85%+",1
53916,3810.69,4537.34,3017.88,3521.82,679.14,864.77,113.67,150.75,"175K","85%+",1
53919,3810.69,4537.34,3017.88,3521.82,679.14,864.77,113.67,150.75,"175K","85%+",1
53920,3810.69,4537.34,3017.88,3521.82,679.14,864.77,113.67,150.75,"175K","85%+",1
53922,3810.69,4537.34,3017.88,3521.82,679.14,864.77,113.67,150.75,"175K","85%+",1
53923,3810.69,4537.34,3017.88,3521.82,679.14,864.77,113.67,150.75,"175K","85%+",1
53923,3810.69,4537.34,3017.88,3521.82,679.14,864.77,113.67,150.75,"175K","85%+",1
53924,3810.69,4537.34,3017.88,3521.82,679.14,864.77,113.67,150.75,"175K","85%+",1
53925,3810.69,4537.34,3017.88,3521.82,679.14,864.77,113.67,150.75,"175K","85%+",1
53926,3810.69,4537.34,3017.88,3521.82,679.14,864.77,113.67,150.75,"175K","85%+",1
53929,3810.69,4537.34,3017.88,3521.82,679.14,864.77,113.67,150.75,"175K","85%+",1
53930,3810.69,4537.34,3017.88,3521.82,679.14,864.77,113.67,150.75,"175K","85%+",1
53932,3810.69,4537.34,3017.88,3521.82,679.14,864.77,113.67,150.75,"175K","85%+",1
53933,3810.69,4537.34,3017.88,3521.82,679.14,864.77,113.67,150.75,"175K","85%+",1
53934,3810.69,4537.34,3017.88,3521.82,679.14,864.77,113.67,150.75,"175K","85%+",1
53936,3810.69,4537.34,3017.88,3521.82,679.14,864.77,113.67,150.75,"175K","85%+",1
53937,3810.69,4537.34,3017.88,3521.82,679.14,864.77,113.67,150.75,"175K","85%+",1
53941,3810.69,4537.34,3017.88,3521.82,679.14,864.77,113.67,150.75,"175K","85%+",1
53943,3810.69,4537.34,3017.88,3521.82,679.14,864.77,113.67,150.75,"175K","85%+",1
53944,3810.69,4537.34,3017.88,3521.82,679.14,864.77,113.67,150.75,"175K","85%+",1
53946,3810.69,4537.34,3017.88,3521.82,679.14,864.77,113.67,150.75,"175K","85%+",1
53948,3810.69,4537.34,3017.88,3521.82,679.14,864.77,113.67,150.75,"175K","85%+",1
53949,3810.69,4537.34,3017.88,3521.82,679.14,864.77,113.67,150.75,"175K","85%+",1
53950,3810.69,4537.34,3017.88,3521.82,679.14,864.77,113.67,150.75,"175K","85%+",1
53951,3810.69,4537.34,3017.88,3521.82,679.14,864.77,113.67,150.75,"175K","85%+",1
53952,3810.69,4537.34,3017.88,3521.82,679.14,864.77,113.67,150.75,"175K","85%+",1
53954,3810.69,4537.34,3017.88,3521.82,679.14,864.77,113.67,150.75,"175K","85%+",1
53955,3810.69,4537.34,3017.88,3521.82,679.14,864.77,113.67,150.75,"175K","85%+",1
53956,3810.69,4537.34,3017.88,3521.82,679.14,864.77,113.67,150.75,"175K","85%+",1
53957,3810.69,4537.34,3017.88,3521.82,679.14,864.77,113.67,150.75,"175K","85%+",1
53958,3810.69,4537.34,3017.88,3521.82,679.14,864.77,113.67,150.75,"175K","85%+",1
53959,3810.69,4537.34,3017.88,3521.82,679.14,864.77,113.67,150.75,"175K","85%+",1
53960,3810.69,4537.34,3017.88,3521.82,679.14,864.77,113.67,150.75,"175K","85%+",1
53961,3810.69,4537.34,3017.88,3521.82,679.14,864.77,113.67,150.75,"175K","85%+",1
53963,3810.69,4537.34,3017.88,3521.82,679.14,864.77,113.67,150.75,"175K","85%+",1
53964,3810.69,4537.34,3017.88,3521.82,679.14,864.77,113.67,150.75,"175K","85%+",1
53965,3810.69,4537.34,3017.88,3521.82,679.14,864.77,113.67,150.75,"175K","85%+",1
53968,3810.69,4537.34,3017.88,3521.82,679.14,864.77,113.67,150.75,"175K","85%+",1
54001,3810.69,4537.34,3017.88,3521.82,679.14,864.77,113.67,150.75,"175K","85%+",1
54002,3810.69,4537.34,3017.88,3521.82,679.14,864.77,113.67,150.75,"175K","85%+",1
54003,3810.69,4537.34,3017.88,3521.82,679.14,864.77,113.67,150.75,"175K","85%+",1
54004,3810.69,4537.34,3017.88,3521.82,679.14,864.77,113.67,150.75,"175K","85%+",1
54005,3810.69,4537.34,3017.88,3521.82,679.14,864.77,113.67,150.75,"175K","85%+",1
54006,3810.69,4537.34,3017.88,3521.82,679.14,864.77,113.67,150.75,"175K","85%+",1
54007,3810.69,4537.34,3017.88,3521.82,679.14,864.77,113.67,150.75,"175K","85%+",1
54009,3810.69,4537.34,3017.88,3521.82,679.14,864.77,113.67,150.75,"175K","85%+",1
54011,3810.69,4537.34,3017.88,3521.82,679.14,864.77,113.67,150.75,"175K","85%+",1
54013,3810.69,4537.34,3017.88,3521.82,679.14,864.77,113.67,150.75,"175K","85%+",1
54014,3810.69,4537.34,3017.88,3521.82,679.14,864.77,113.67,150.75,"175K","85%+",1
54015,3810.69,4537.34,3017.88,3521.82,679.14,864.77,113.67,150.75,"175K","85%+",1
54016,3810.69,4537.34,3017.88,3521.82,679.14,864.77,113.67,150.75,"175K","85%+",1
54017,3810.69,4537.34,3017.88,3521.82,679.14,864.77,113.67,150.75,"175K","85%+",1
54020,3810.69,4537.34,3017.88,3521.82,679.14,864.77,113.67,150.75,"175K","85%+",1
54021,3810.69,4537.34,3017.88,3521.82,679.14,864.77,113.67,150.75,"175K","85%+",1
54022,3810.69,4537.34,3017.88,3521.82,679.14,864.77,113.67,150.75,"175K","85%+",1
54023,3810.69,4537.34,3017.88,3521.82,679.14,864.77,113.67,150.75,"175K","85%+",1
54024,3810.69,4537.34,3017.88,3521.82,679.14,864.77,113.67,150.75,"175K","85%+",1
54025,3810.69,4537.34,3017.88,3521.82,679.14,864.77,113.67,150.75,"175K","85%+",1
54026,3810.69,4537.34,3017.88,3521.82,679.14,864.77,113.67,150.75,"175K","85%+",1
54027,3810.69,4537.34,3017.88,3521.82,679.14,864.77,113.67,150.75,"175K","85%+",1
54028,3810.69,4537.34,3017.88,3521.82,679.14,864.77,113.67,150.75,"175K","85%+",1
54101,3810.69,4537.34,3017.88,3521.82,679.14,864.77,113.67,150.75,"175K","85%+",1
54102,3810.69,4537.34,3017.88,3521.82,679.14,864.77,113.67,150.75,"175K","85%+",1
54103,3810.69,4537.34,3017.88,3521.82,679.14,864.77,113.67,150.75,"175K","85%+",1
54104,3810.69,4537.34,3017.88,3521.82,679.14,864.77,113.67,150.75,"175K","85%+",1
54106,3810.69,4537.34,3017.88,3521.82,679.14,864.77,113.67,150.75,"175K","85%+",1
54107,3810.69,4537.34,3017.88,3521.82,679.14,864.77,113.67,150.75,"175K","85%+",1
54110,3810.69,4537.34,3017.88,3521.82,679.14,864.77,113.67,150.75,"175K","85%+",1
54111,3810.69,4537.34,3017.88,3521.82,679.14,864.77,113.67,150.75,"175K","85%+",1
54112,3810.69,4537.34,3017.88,3521.82,679.14,864.77,113.67,150.75,"175K","85%+",1
54113,3810.69,4537.34,3017.88,3521.82,679.14,864.77,113.67,150.75,"175K","85%+",1
54114,3810.69,4537.34,3017.88,3521.82,679.14,864.77,113.67,150.75,"175K","85%+",1
54115,3810.69,4537.34,3017.88,3521.82,679.14,864.77,113.67,150.75,"175K","85%+",1
54119,3810.69,4537.34,3017.88,3521.82,679.14,864.77,113.67,150.75,"175K","85%+",1
54120,3810.69,4537.34,3017.88,3521.82,679.14,864.77,113.67,150.75,"175K","85%+",1
54121,3810.69,4537.34,3017.88,3521.82,679.14,864.77,113.67,150.75,"175K","85%+",1
54123,3810.69,4537.34,3017.88,3521.82,679.14,864.77,113.67,150.75,"175K","85%+",1
54124,3810.69,4537.34,3017.88,3521.82,679.14,864.77,113.67,150.75,"175K","85%+",1
54125,3810.69,4537.34,3017.88,3521.82,679.14,864.77,113.67,150.75,"175K","85%+",1
54126,3810.69,4537.34,3017.88,3521.82,679.14,864.77,113.67,150.75,"175K","85%+",1
54128,3810.69,4537.34,3017.88,3521.82,679.14,864.77,113.67,150.75,"175K","85%+",1
54129,3810.69,4537.34,3017.88,3521.82,679.14,864.77,113.67,150.75,"175K","85%+",1
54130,3810.69,4537.34,3017.88,3521.82,679.14,864.77,113.67,150.75,"175K","85%+",1
54135,3810.69,4537.34,3017.88,3521.82,679.14,864.77,113.67,150.75,"175K","85%+",1
54136,3810.69,4537.34,3017.88,3521.82,679.14,864.77,113.67,150.75,"175K","85%+",1
54137,3810.69,4537.34,3017.88,3521.82,679.14,864.77,113.67,150.75,"175K","85%+",1
54138,3810.69,4537.34,3017.88,3521.82,679.14,864.77,113.67,150.75,"175K","85%+",1
54139,3810.69,4537.34,3017.88,3521.82,679.14,864.77,113.67,150.75,"175K","85%+",1
54140,3810.69,4537.34,3017.88,3521.82,679.14,864.77,113.67,150.75,"175K","85%+",1
54141,3810.69,4537.34,3017.88,3521.82,679.14,864.77,113.67,150.75,"175K","85%+",1
54143,3810.69,4537.34,3017.88,3521.82,679.14,864.77,113.67,150.75,"175K","85%+",1
54149,3810.69,4537.34,3017.88,3521.82,679.14,864.77,113.67,150.75,"175K","85%+",1
54150,3810.69,4537.34,3017.88,3521.82,679.14,864.77,113.67,150.75,"175K","85%+",1
54151,3810.69,4537.34,3017.88,3521.82,679.14,864.77,113.67,150.75,"175K","85%+",1
54153,3810.69,4537.34,3017.88,3521.82,679.14,864.77,113.67,150.75,"175K","85%+",1
54154,3810.69,4537.34,3017.88,3521.82,679.14,864.77,113.67,150.75,"175K","85%+",1
54155,3810.69,4537.34,3017.88,3521.82,679.14,864.77,113.67,150.75,"175K","85%+",1
54156,3810.69,4537.34,3017.88,3521.82,679.14,864.77,113.67,150.75,"175K","85%+",1
54157,3810.69,4537.34,3017.88,3521.82,679.14,864.77,113.67,150.75,"175K","85%+",1
54159,3810.69,4537.34,3017.88,3521.82,679.14,864.77,113.67,150.75,"175K","85%+",1
54161,3810.69,4537.34,3017.88,3521.82,679.14,864.77,113.67,150.75,"175K","85%+",1
54162,3810.69,4537.34,3017.88,3521.82,679.14,864.77,113.67,150.75,"175K","85%+",1
54165,3810.69,4537.34,3017.88,3521.82,679.14,864.77,113.67,150.75,"175K","85%+",1
54166,3810.69,4537.34,3017.88,3521.82,679.14,864.77,113.67,150.75,"175K","85%+",1
54169,3810.69,4537.34,3017.88,3521.82,679.14,864.77,113.67,150.75,"175K","85%+",1
54170,3810.69,4537.34,3017.88,3521.82,679.14,864.77,113.67,150.75,"175K","85%+",1
54171,3810.69,4537.34,3017.88,3521.82,679.14,864.77,113.67,150.75,"175K","85%+",1
54173,3810.69,4537.34,3017.88,3521.82,679.14,864.77,113.67,150.75,"175K","85%+",1
54174,3810.69,4537.34,3017.88,3521.82,679.14,864.77,113.67,150.75,"175K","85%+",1
54175,3810.69,4537.34,3017.88,3521.82,679.14,864.77,113.67,150.75,"175K","85%+",1
54177,3810.69,4537.34,3017.88,3521.82,679.14,864.77,113.67,150.75,"175K","85%+",1
54180,3810.69,4537.34,3017.88,3521.82,679.14,864.77,113.67,150.75,"175K","85%+",1
54201,3810.69,4537.34,3017.88,3521.82,679.14,864.77,113.67,150.75,"175K","85%+",1
54202,3810.69,4537.34,3017.88,3521.82,679.14,864.77,113.67,150.75,"175K","85%+",1
54204,3810.69,4537.34,3017.88,3521.82,679.14,864.77,113.67,150.75,"175K","85%+",1
54205,3810.69,4537.34,3017.88,3521.82,679.14,864.77,113.67,150.75,"175K","85%+",1
54208,3810.69,4537.34,3017.88,3521.82,679.14,864.77,113.67,150.75,"175K","85%+",1
54209,3810.69,4537.34,3017.88,3521.82,679.14,864.77,113.67,150.75,"175K","85%+",1
54210,3810.69,4537.34,3017.88,3521.82,679.14,864.77,113.67,150.75,"175K","85%+",1
54212,3810.69,4537.34,3017.88,3521.82,679.14,864.77,113.67,150.75,"175K","85%+",1
54213,3810.69,4537.34,3017.88,3521.82,679.14,864.77,113.67,150.75,"175K","85%+",1
54216,3810.69,4537.34,3017.88,3521.82,679.14,864.77,113.67,150.75,"175K","85%+",1
54217,3810.69,4537.34,3017.88,3521.82,679.14,864.77,113.67,150.75,"175K","85%+",1
54220,3810.69,4537.34,3017.88,3521.82,679.14,864.77,113.67,150.75,"175K","85%+",1
54227,3810.69,4537.34,3017.88,3521.82,679.14,864.77,113.67,150.75,"175K","85%+",1
54228,3810.69,4537.34,3017.88,3521.82,679.14,864.77,113.67,150.75,"175K","85%+",1
54229,3810.69,4537.34,3017.88,3521.82,679.14,864.77,113.67,150.75,"175K","85%+",1
54229,3810.69,4537.34,3017.88,3521.82,679.14,864.77,113.67,150.75,"175K","85%+",1
54230,3810.69,4537.34,3017.88,3521.82,679.14,864.77,113.67,150.75,"175K","85%+",1
54234,3810.69,4537.34,3017.88,3521.82,679.14,864.77,113.67,150.75,"175K","85%+",1
54235,3810.69,4537.34,3017.88,3521.82,679.14,864.77,113.67,150.75,"175K","85%+",1
54235,3810.69,4537.34,3017.88,3521.82,679.14,864.77,113.67,150.75,"175K","85%+",1
54241,3810.69,4537.34,3017.88,3521.82,679.14,864.77,113.67,150.75,"175K","85%+",1
54245,3810.69,4537.34,3017.88,3521.82,679.14,864.77,113.67,150.75,"175K","85%+",1
54246,3810.69,4537.34,3017.88,3521.82,679.14,864.77,113.67,150.75,"175K","85%+",1
54247,3810.69,4537.34,3017.88,3521.82,679.14,864.77,113.67,150.75,"175K","85%+",1
54301,3787.36,4507.64,3017.88,3521.82,655.81,835.06,113.67,150.75,"175K","85%+",2
54302,3787.36,4507.64,3017.88,3521.82,655.81,835.06,113.67,150.75,"175K","85%+",2
54303,3787.36,4507.64,3017.88,3521.82,655.81,835.06,113.67,150.75,"175K","85%+",2
54304,3787.36,4507.64,3017.88,3521.82,655.81,835.06,113.67,150.75,"175K","85%+",2
54311,3787.36,4507.64,3017.88,3521.82,655.81,835.06,113.67,150.75,"175K","85%+",2
54313,3787.36,4507.64,3017.88,3521.82,655.81,835.06,113.67,150.75,"175K","85%+",2
54313,3787.36,4507.64,3017.88,3521.82,655.81,835.06,113.67,150.75,"175K","85%+",2
54344,3787.36,4507.64,3017.88,3521.82,655.81,835.06,113.67,150.75,"175K","85%+",2
54401,3787.36,4507.64,3017.88,3521.82,655.81,835.06,113.67,150.75,"175K","85%+",2
54403,3787.36,4507.64,3017.88,3521.82,655.81,835.06,113.67,150.75,"175K","85%+",2
54404,3787.36,4507.64,3017.88,3521.82,655.81,835.06,113.67,150.75,"175K","85%+",2
54405,3787.36,4507.64,3017.88,3521.82,655.81,835.06,113.67,150.75,"175K","85%+",2
54406,3787.36,4507.64,3017.88,3521.82,655.81,835.06,113.67,150.75,"175K","85%+",2
54407,3787.36,4507.64,3017.88,3521.82,655.81,835.06,113.67,150.75,"175K","85%+",2
54408,3787.36,4507.64,3017.88,3521.82,655.81,835.06,113.67,150.75,"175K","85%+",2
54409,3787.36,4507.64,3017.88,3521.82,655.81,835.06,113.67,150.75,"175K","85%+",2
54410,3787.36,4507.64,3017.88,3521.82,655.81,835.06,113.67,150.75,"175K","85%+",2
54411,3787.36,4507.64,3017.88,3521.82,655.81,835.06,113.67,150.75,"175K","85%+",2
54412,3787.36,4507.64,3017.88,3521.82,655.81,835.06,113.67,150.75,"175K","85%+",2
54414,3787.36,4507.64,3017.88,3521.82,655.81,835.06,113.67,150.75,"175K","85%+",2
54416,3787.36,4507.64,3017.88,3521.82,655.81,835.06,113.67,150.75,"175K","85%+",2
54420,3787.36,4507.64,3017.88,3521.82,655.81,835.06,113.67,150.75,"175K","85%+",2
54421,3787.36,4507.64,3017.88,3521.82,655.81,835.06,113.67,150.75,"175K","85%+",2
54422,3787.36,4507.64,3017.88,3521.82,655.81,835.06,113.67,150.75,"175K","85%+",2
54423,3787.36,4507.64,3017.88,3521.82,655.81,835.06,113.67,150.75,"175K","85%+",2
54424,3787.36,4507.64,3017.88,3521.82,655.81,835.06,113.67,150.75,"175K","85%+",2
54425,3787.36,4507.64,3017.88,3521.82,655.81,835.06,113.67,150.75,"175K","85%+",2
54426,3787.36,4507.64,3017.88,3521.82,655.81,835.06,113.67,150.75,"175K","85%+",2
54427,3787.36,4507.64,3017.88,3521.82,655.81,835.06,113.67,150.75,"175K","85%+",2
54428,3787.36,4507.64,3017.88,3521.82,655.81,835.06,113.67,150.75,"175K","85%+",2
54433,3787.36,4507.64,3017.88,3521.82,655.81,835.06,113.67,150.75,"175K","85%+",2
54435,3787.36,4507.64,3017.88,3521.82,655.81,835.06,113.67,150.75,"175K","85%+",2
54436,3787.36,4507.64,3017.88,3521.82,655.81,835.06,113.67,150.75,"175K","85%+",2
54437,3787.36,4507.64,3017.88,3521.82,655.81,835.06,113.67,150.75,"175K","85%+",2
54440,3787.36,4507.64,3017.88,3521.82,655.81,835.06,113.67,150.75,"175K","85%+",2
54442,3787.36,4507.64,3017.88,3521.82,655.81,835.06,113.67,150.75,"175K","85%+",2
54443,3787.36,4507.64,3017.88,3521.82,655.81,835.06,113.67,150.75,"175K","85%+",2
54446,3787.36,4507.64,3017.88,3521.82,655.81,835.06,113.67,150.75,"175K","85%+",2
54447,3787.36,4507.64,3017.88,3521.82,655.81,835.06,113.67,150.75,"175K","85%+",2
54448,3787.36,4507.64,3017.88,3521.82,655.81,835.06,113.67,150.75,"175K","85%+",2
54449,3787.36,4507.64,3017.88,3521.82,655.81,835.06,113.67,150.75,"175K","85%+",2
54451,3787.36,4507.64,3017.88,3521.82,655.81,835.06,113.67,150.75,"175K","85%+",2
54452,3787.36,4507.64,3017.88,3521.82,655.81,835.06,113.67,150.75,"175K","85%+",2
54454,3787.36,4507.64,3017.88,3521.82,655.81,835.06,113.67,150.75,"175K","85%+",2
54455,3787.36,4507.64,3017.88,3521.82,655.81,835.06,113.67,150.75,"175K","85%+",2
54456,3787.36,4507.64,3017.88,3521.82,655.81,835.06,113.67,150.75,"175K","85%+",2
54457,3787.36,4507.64,3017.88,3521.82,655.81,835.06,113.67,150.75,"175K","85%+",2
54459,3787.36,4507.64,3017.88,3521.82,655.81,835.06,113.67,150.75,"175K","85%+",2
54460,3787.36,4507.64,3017.88,3521.82,655.81,835.06,113.67,150.75,"175K","85%+",2
54463,3787.36,4507.64,3017.88,3521.82,655.81,835.06,113.67,150.75,"175K","85%+",2
54465,3787.36,4507.64,3017.88,3521.82,655.81,835.06,113.67,150.75,"175K","85%+",2
54466,3787.36,4507.64,3017.88,3521.82,655.81,835.06,113.67,150.75,"175K","85%+",2
54467,3787.36,4507.64,3017.88,3521.82,655.81,835.06,113.67,150.75,"175K","85%+",2
54469,3787.36,4507.64,3017.88,3521.82,655.81,835.06,113.67,150.75,"175K","85%+",2
54470,3787.36,4507.64,3017.88,3521.82,655.81,835.06,113.67,150.75,"175K","85%+",2
54471,3787.36,4507.64,3017.88,3521.82,655.81,835.06,113.67,150.75,"175K","85%+",2
54473,3787.36,4507.64,3017.88,3521.82,655.81,835.06,113.67,150.75,"175K","85%+",2
54474,3787.36,4507.64,3017.88,3521.82,655.81,835.06,113.67,150.75,"175K","85%+",2
54475,3787.36,4507.64,3017.88,3521.82,655.81,835.06,113.67,150.75,"175K","85%+",2
54476,3787.36,4507.64,3017.88,3521.82,655.81,835.06,113.67,150.75,"175K","85%+",2
54479,3787.36,4507.64,3017.88,3521.82,655.81,835.06,113.67,150.75,"175K","85%+",2
54480,3787.36,4507.64,3017.88,3521.82,655.81,835.06,113.67,150.75,"175K","85%+",2
54481,3787.36,4507.64,3017.88,3521.82,655.81,835.06,113.67,150.75,"175K","85%+",2
54482,3787.36,4507.64,3017.88,3521.82,655.81,835.06,113.67,150.75,"175K","85%+",2
54484,3787.36,4507.64,3017.88,3521.82,655.81,835.06,113.67,150.75,"175K","85%+",2
54485,3787.36,4507.64,3017.88,3521.82,655.81,835.06,113.67,150.75,"175K","85%+",2
54486,3787.36,4507.64,3017.88,3521.82,655.81,835.06,113.67,150.75,"175K","85%+",2
54487,3787.36,4507.64,3017.88,3521.82,655.81,835.06,113.67,150.75,"175K","85%+",2
54488,3787.36,4507.64,3017.88,3521.82,655.81,835.06,113.67,150.75,"175K","85%+",2
54489,3787.36,4507.64,3017.88,3521.82,655.81,835.06,113.67,150.75,"175K","85%+",2
54490,3787.36,4507.64,3017.88,3521.82,655.81,835.06,113.67,150.75,"175K","85%+",2
54491,3787.36,4507.64,3017.88,3521.82,655.81,835.06,113.67,150.75,"175K","85%+",2
54492,3787.36,4507.64,3017.88,3521.82,655.81,835.06,113.67,150.75,"175K","85%+",2
54493,3787.36,4507.64,3017.88,3521.82,655.81,835.06,113.67,150.75,"175K","85%+",2
54494,3787.36,4507.64,3017.88,3521.82,655.81,835.06,113.67,150.75,"175K","85%+",2
54495,3787.36,4507.64,3017.88,3521.82,655.81,835.06,113.67,150.75,"175K","85%+",2
54498,3787.36,4507.64,3017.88,3521.82,655.81,835.06,113.67,150.75,"175K","85%+",2
54499,3787.36,4507.64,3017.88,3521.82,655.81,835.06,113.67,150.75,"175K","85%+",2
54501,3787.36,4507.64,3017.88,3521.82,655.81,835.06,113.67,150.75,"175K","85%+",2
54511,3787.36,4507.64,3017.88,3521.82,655.81,835.06,113.67,150.75,"175K","85%+",2
54512,3787.36,4507.64,3017.88,3521.82,655.81,835.06,113.67,150.75,"175K","85%+",2
54513,3787.36,4507.64,3017.88,3521.82,655.81,835.06,113.67,150.75,"175K","85%+",2
54514,3787.36,4507.64,3017.88,3521.82,655.81,835.06,113.67,150.75,"175K","85%+",2
54515,3787.36,4507.64,3017.88,3521.82,655.81,835.06,113.67,150.75,"175K","85%+",2
54517,3787.36,4507.64,3017.88,3521.82,655.81,835.06,113.67,150.75,"175K","85%+",2
54519,3787.36,4507.64,3017.88,3521.82,655.81,835.06,113.67,150.75,"175K","85%+",2
54520,3787.36,4507.64,3017.88,3521.82,655.81,835.06,113.67,150.75,"175K","85%+",2
54521,3787.36,4507.64,3017.88,3521.82,655.81,835.06,113.67,150.75,"175K","85%+",2
54524,3787.36,4507.64,3017.88,3521.82,655.81,835.06,113.67,150.75,"175K","85%+",2
54526,3787.36,4507.64,3017.88,3521.82,655.81,835.06,113.67,150.75,"175K","85%+",2
54527,3787.36,4507.64,3017.88,3521.82,655.81,835.06,113.67,150.75,"175K","85%+",2
54529,3787.36,4507.64,3017.88,3521.82,655.81,835.06,113.67,150.75,"175K","85%+",2
54530,3787.36,4507.64,3017.88,3521.82,655.81,835.06,113.67,150.75,"175K","85%+",2
54531,3787.36,4507.64,3017.88,3521.82,655.81,835.06,113.67,150.75,"175K","85%+",2
54534,3787.36,4507.64,3017.88,3521.82,655.81,835.06,113.67,150.75,"175K","85%+",2
54537,3787.36,4507.64,3017.88,3521.82,655.81,835.06,113.67,150.75,"175K","85%+",2
54538,3787.36,4507.64,3017.88,3521.82,655.81,835.06,113.67,150.75,"175K","85%+",2
54539,3787.36,4507.64,3017.88,3521.82,655.81,835.06,113.67,150.75,"175K","85%+",2
54540,3787.36,4507.64,3017.88,3521.82,655.81,835.06,113.67,150.75,"175K","85%+",2
54541,3787.36,4507.64,3017.88,3521.82,655.81,835.06,113.67,150.75,"175K","85%+",2
54542,3787.36,4507.64,3017.88,3521.82,655.81,835.06,113.67,150.75,"175K","85%+",2
54545,3787.36,4507.64,3017.88,3521.82,655.81,835.06,113.67,150.75,"175K","85%+",2
54546,3787.36,4507.64,3017.88,3521.82,655.81,835.06,113.67,150.75,"175K","85%+",2
54547,3787.36,4507.64,3017.88,3521.82,655.81,835.06,113.67,150.75,"175K","85%+",2
54548,3787.36,4507.64,3017.88,3521.82,655.81,835.06,113.67,150.75,"175K","85%+",2
54550,3787.36,4507.64,3017.88,3521.82,655.81,835.06,113.67,150.75,"175K","85%+",2
54552,3787.36,4507.64,3017.88,3521.82,655.81,835.06,113.67,150.75,"175K","85%+",2
54554,3787.36,4507.64,3017.88,3521.82,655.81,835.06,113.67,150.75,"175K","85%+",2
54555,3787.36,4507.64,3017.88,3521.82,655.81,835.06,113.67,150.75,"175K","85%+",2
54556,3787.36,4507.64,3017.88,3521.82,655.81,835.06,113.67,150.75,"175K","85%+",2
54557,3787.36,4507.64,3017.88,3521.82,655.81,835.06,113.67,150.75,"175K","85%+",2
54558,3787.36,4507.64,3017.88,3521.82,655.81,835.06,113.67,150.75,"175K","85%+",2
54559,3787.36,4507.64,3017.88,3521.82,655.81,835.06,113.67,150.75,"175K","85%+",2
54560,3787.36,4507.64,3017.88,3521.82,655.81,835.06,113.67,150.75,"175K","85%+",2
54562,3787.36,4507.64,3017.88,3521.82,655.81,835.06,113.67,150.75,"175K","85%+",2
54563,3787.36,4507.64,3017.88,3521.82,655.81,835.06,113.67,150.75,"175K","85%+",2
54564,3787.36,4507.64,3017.88,3521.82,655.81,835.06,113.67,150.75,"175K","85%+",2
54566,3787.36,4507.64,3017.88,3521.82,655.81,835.06,113.67,150.75,"175K","85%+",2
54568,3787.36,4507.64,3017.88,3521.82,655.81,835.06,113.67,150.75,"175K","85%+",2
54601,3817.17,4545.59,3017.88,3521.82,685.62,873.02,113.67,150.75,"175K","85%+",3
54603,3817.17,4545.59,3017.88,3521.82,685.62,873.02,113.67,150.75,"175K","85%+",3
54610,3817.17,4545.59,3017.88,3521.82,685.62,873.02,113.67,150.75,"175K","85%+",3
54611,3817.17,4545.59,3017.88,3521.82,685.62,873.02,113.67,150.75,"175K","85%+",3
54612,3817.17,4545.59,3017.88,3521.82,685.62,873.02,113.67,150.75,"175K","85%+",3
54613,3817.17,4545.59,3017.88,3521.82,685.62,873.02,113.67,150.75,"175K","85%+",3
54614,3817.17,4545.59,3017.88,3521.82,685.62,873.02,113.67,150.75,"175K","85%+",3
54615,3817.17,4545.59,3017.88,3521.82,685.62,873.02,113.67,150.75,"175K","85%+",3
54616,3817.17,4545.59,3017.88,3521.82,685.62,873.02,113.67,150.75,"175K","85%+",3
54618,3817.17,4545.59,3017.88,3521.82,685.62,873.02,113.67,150.75,"175K","85%+",3
54619,3817.17,4545.59,3017.88,3521.82,685.62,873.02,113.67,150.75,"175K","85%+",3
54621,3817.17,4545.59,3017.88,3521.82,685.62,873.02,113.67,150.75,"175K","85%+",3
54622,3817.17,4545.59,3017.88,3521.82,685.62,873.02,113.67,150.75,"175K","85%+",3
54623,3817.17,4545.59,3017.88,3521.82,685.62,873.02,113.67,150.75,"175K","85%+",3
54624,3817.17,4545.59,3017.88,3521.82,685.62,873.02,113.67,150.75,"175K","85%+",3
54625,3817.17,4545.59,3017.88,3521.82,685.62,873.02,113.67,150.75,"175K","85%+",3
54626,3817.17,4545.59,3017.88,3521.82,685.62,873.02,113.67,150.75,"175K","85%+",3
54627,3817.17,4545.59,3017.88,3521.82,685.62,873.02,113.67,150.75,"175K","85%+",3
54628,3817.17,4545.59,3017.88,3521.82,685.62,873.02,113.67,150.75,"175K","85%+",3
54629,3817.17,4545.59,3017.88,3521.82,685.62,873.02,113.67,150.75,"175K","85%+",3
54630,3817.17,4545.59,3017.88,3521.82,685.62,873.02,113.67,150.75,"175K","85%+",3
54631,3817.17,4545.59,3017.88,3521.82,685.62,873.02,113.67,150.75,"175K","85%+",3
54632,3817.17,4545.59,3017.88,3521.82,685.62,873.02,113.67,150.75,"175K","85%+",3
54634,3817.17,4545.59,3017.88,3521.82,685.62,873.02,113.67,150.75,"175K","85%+",3
54635,3817.17,4545.59,3017.88,3521.82,685.62,873.02,113.67,150.75,"175K","85%+",3
54636,3817.17,4545.59,3017.88,3521.82,685.62,873.02,113.67,150.75,"175K","85%+",3
54638,3817.17,4545.59,3017.88,3521.82,685.62,873.02,113.67,150.75,"175K","85%+",3
54639,3817.17,4545.59,3017.88,3521.82,685.62,873.02,113.67,150.75,"175K","85%+",3
54642,3817.17,4545.59,3017.88,3521.82,685.62,873.02,113.67,150.75,"175K","85%+",3
54644,3817.17,4545.59,3017.88,3521.82,685.62,873.02,113.67,150.75,"175K","85%+",3
54646,3817.17,4545.59,3017.88,3521.82,685.62,873.02,113.67,150.75,"175K","85%+",3
54648,3817.17,4545.59,3017.88,3521.82,685.62,873.02,113.67,150.75,"175K","85%+",3
54650,3817.17,4545.59,3017.88,3521.82,685.62,873.02,113.67,150.75,"175K","85%+",3
54651,3817.17,4545.59,3017.88,3521.82,685.62,873.02,113.67,150.75,"175K","85%+",3
54652,3817.17,4545.59,3017.88,3521.82,685.62,873.02,113.67,150.75,"175K","85%+",3
54653,3817.17,4545.59,3017.88,3521.82,685.62,873.02,113.67,150.75,"175K","85%+",3
54655,3817.17,4545.59,3017.88,3521.82,685.62,873.02,113.67,150.75,"175K","85%+",3
54656,3817.17,4545.59,3017.88,3521.82,685.62,873.02,113.67,150.75,"175K","85%+",3
54658,3817.17,4545.59,3017.88,3521.82,685.62,873.02,113.67,150.75,"175K","85%+",3
54659,3817.17,4545.59,3017.88,3521.82,685.62,873.02,113.67,150.75,"175K","85%+",3
54660,3817.17,4545.59,3017.88,3521.82,685.62,873.02,113.67,150.75,"175K","85%+",3
54661,3817.17,4545.59,3017.88,3521.82,685.62,873.02,113.67,150.75,"175K","85%+",3
54664,3817.17,4545.59,3017.88,3521.82,685.62,873.02,113.67,150.75,"175K","85%+",3
54665,3817.17,4545.59,3017.88,3521.82,685.62,873.02,113.67,150.75,"175K","85%+",3
54666,3817.17,4545.59,3017.88,3521.82,685.62,873.02,113.67,150.75,"175K","85%+",3
54667,3817.17,4545.59,3017.88,3521.82,685.62,873.02,113.67,150.75,"175K","85%+",3
54669,3817.17,4545.59,3017.88,3521.82,685.62,873.02,113.67,150.75,"175K","85%+",3
54670,3817.17,4545.59,3017.88,3521.82,685.62,873.02,113.67,150.75,"175K","85%+",3
54701,3817.17,4545.59,3017.88,3521.82,685.62,873.02,113.67,150.75,"175K","85%+",3
54703,3817.17,4545.59,3017.88,3521.82,685.62,873.02,113.67,150.75,"175K","85%+",3
54720,3817.17,4545.59,3017.88,3521.82,685.62,873.02,113.67,150.75,"175K","85%+",3
54721,3817.17,4545.59,3017.88,3521.82,685.62,873.02,113.67,150.75,"175K","85%+",3
54722,3817.17,4545.59,3017.88,3521.82,685.62,873.02,113.67,150.75,"175K","85%+",3
54723,3817.17,4545.59,3017.88,3521.82,685.62,873.02,113.67,150.75,"175K","85%+",3
54724,3817.17,4545.59,3017.88,3521.82,685.62,873.02,113.67,150.75,"175K","85%+",3
54725,3817.17,4545.59,3017.88,3521.82,685.62,873.02,113.67,150.75,"175K","85%+",3
54726,3817.17,4545.59,3017.88,3521.82,685.62,873.02,113.67,150.75,"175K","85%+",3
54727,3817.17,4545.59,3017.88,3521.82,685.62,873.02,113.67,150.75,"175K","85%+",3
54728,3817.17,4545.59,3017.88,3521.82,685.62,873.02,113.67,150.75,"175K","85%+",3
54729,3817.17,4545.59,3017.88,3521.82,685.62,873.02,113.67,150.75,"175K","85%+",3
54730,3817.17,4545.59,3017.88,3521.82,685.62,873.02,113.67,150.75,"175K","85%+",3
54731,3817.17,4545.59,3017.88,3521.82,685.62,873.02,113.67,150.75,"175K","85%+",3
54732,3817.17,4545.59,3017.88,3521.82,685.62,873.02,113.67,150.75,"175K","85%+",3
54733,3817.17,4545.59,3017.88,3521.82,685.62,873.02,113.67,150.75,"175K","85%+",3
54736,3817.17,4545.59,3017.88,3521.82,685.62,873.02,113.67,150.75,"175K","85%+",3
54737,3817.17,4545.59,3017.88,3521.82,685.62,873.02,113.67,150.75,"175K","85%+",3
54738,3817.17,4545.59,3017.88,3521.82,685.62,873.02,113.67,150.75,"175K","85%+",3
54739,3817.17,4545.59,3017.88,3521.82,685.62,873.02,113.67,150.75,"175K","85%+",3
54740,3817.17,4545.59,3017.88,3521.82,685.62,873.02,113.67,150.75,"175K","85%+",3
54741,3817.17,4545.59,3017.88,3521.82,685.62,873.02,113.67,150.75,"175K","85%+",3
54742,3817.17,4545.59,3017.88,3521.82,685.62,873.02,113.67,150.75,"175K","85%+",3
54745,3817.17,4545.59,3017.88,3521.82,685.62,873.02,113.67,150.75,"175K","85%+",3
54746,3817.17,4545.59,3017.88,3521.82,685.62,873.02,113.67,150.75,"175K","85%+",3
54747,3817.17,4545.59,3017.88,3521.82,685.62,873.02,113.67,150.75,"175K","85%+",3
54748,3817.17,4545.59,3017.88,3521.82,685.62,873.02,113.67,150.75,"175K","85%+",3
54749,3817.17,4545.59,3017.88,3521.82,685.62,873.02,113.67,150.75,"175K","85%+",3
54750,3817.17,4545.59,3017.88,3521.82,685.62,873.02,113.67,150.75,"175K","85%+",3
54751,3817.17,4545.59,3017.88,3521.82,685.62,873.02,113.67,150.75,"175K","85%+",3
54754,3817.17,4545.59,3017.88,3521.82,685.62,873.02,113.67,150.75,"175K","85%+",3
54755,3817.17,4545.59,3017.88,3521.82,685.62,873.02,113.67,150.75,"175K","85%+",3
54756,3817.17,4545.59,3017.88,3521.82,685.62,873.02,113.67,150.75,"175K","85%+",3
54757,3817.17,4545.59,3017.88,3521.82,685.62,873.02,113.67,150.75,"175K","85%+",3
54758,3817.17,4545.59,3017.88,3521.82,685.62,873.02,113.67,150.75,"175K","85%+",3
54761,3817.17,4545.59,3017.88,3521.82,685.62,873.02,113.67,150.75,"175K","85%+",3
54762,3817.17,4545.59,3017.88,3521.82,685.62,873.02,113.67,150.75,"175K","85%+",3
54763,3817.17,4545.59,3017.88,3521.82,685.62,873.02,113.67,150.75,"175K","85%+",3
54766,3817.17,4545.59,3017.88,3521.82,685.62,873.02,113.67,150.75,"175K","85%+",3
54767,3817.17,4545.59,3017.88,3521.82,685.62,873.02,113.67,150.75,"175K","85%+",3
54768,3817.17,4545.59,3017.88,3521.82,685.62,873.02,113.67,150.75,"175K","85%+",3
54769,3817.17,4545.59,3017.88,3521.82,685.62,873.02,113.67,150.75,"175K","85%+",3
54770,3817.17,4545.59,3017.88,3521.82,685.62,873.02,113.67,150.75,"175K","85%+",3
54771,3817.17,4545.59,3017.88,3521.82,685.62,873.02,113.67,150.75,"175K","85%+",3
54772,3817.17,4545.59,3017.88,3521.82,685.62,873.02,113.67,150.75,"175K","85%+",3
54773,3817.17,4545.59,3017.88,3521.82,685.62,873.02,113.67,150.75,"175K","85%+",3
54774,3817.17,4545.59,3017.88,3521.82,685.62,873.02,113.67,150.75,"175K","85%+",3
54801,3817.17,4545.59,3017.88,3521.82,685.62,873.02,113.67,150.75,"175K","85%+",3
54805,3817.17,4545.59,3017.88,3521.82,685.62,873.02,113.67,150.75,"175K","85%+",3
54806,3817.17,4545.59,3017.88,3521.82,685.62,873.02,113.67,150.75,"175K","85%+",3
54810,3817.17,4545.59,3017.88,3521.82,685.62,873.02,113.67,150.75,"175K","85%+",3
54812,3817.17,4545.59,3017.88,3521.82,685.62,873.02,113.67,150.75,"175K","85%+",3
54813,3817.17,4545.59,3017.88,3521.82,685.62,873.02,113.67,150.75,"175K","85%+",3
54814,3817.17,4545.59,3017.88,3521.82,685.62,873.02,113.67,150.75,"175K","85%+",3
54817,3817.17,4545.59,3017.88,3521.82,685.62,873.02,113.67,150.75,"175K","85%+",3
54819,3817.17,4545.59,3017.88,3521.82,685.62,873.02,113.67,150.75,"175K","85%+",3
54820,3817.17,4545.59,3017.88,3521.82,685.62,873.02,113.67,150.75,"175K","85%+",3
54821,3817.17,4545.59,3017.88,3521.82,685.62,873.02,113.67,150.75,"175K","85%+",3
54822,3817.17,4545.59,3017.88,3521.82,685.62,873.02,113.67,150.75,"175K","85%+",3
54824,3817.17,4545.59,3017.88,3521.82,685.62,873.02,113.67,150.75,"175K","85%+",3
54826,3817.17,4545.59,3017.88,3521.82,685.62,873.02,113.67,150.75,"175K","85%+",3
54827,3817.17,4545.59,3017.88,3521.82,685.62,873.02,113.67,150.75,"175K","85%+",3
54828,3817.17,4545.59,3017.88,3521.82,685.62,873.02,113.67,150.75,"175K","85%+",3
54829,3817.17,4545.59,3017.88,3521.82,685.62,873.02,113.67,150.75,"175K","85%+",3
54830,3817.17,4545.59,3017.88,3521.82,685.62,873.02,113.67,150.75,"175K","85%+",3
54832,3817.17,4545.59,3017.88,3521.82,685.62,873.02,113.67,150.75,"175K","85%+",3
54835,3817.17,4545.59,3017.88,3521.82,685.62,873.02,113.67,150.75,"175K","85%+",3
54837,3817.17,4545.59,3017.88,3521.82,685.62,873.02,113.67,150.75,"175K","85%+",3
54838,3817.17,4545.59,3017.88,3521.82,685.62,873.02,113.67,150.75,"175K","85%+",3
54839,3817.17,4545.59,3017.88,3521.82,685.62,873.02,113.67,150.75,"175K","85%+",3
54840,3817.17,4545.59,3017.88,3521.82,685.62,873.02,113.67,150.75,"175K","85%+",3
54841,3817.17,4545.59,3017.88,3521.82,685.62,873.02,113.67,150.75,"175K","85%+",3
54843,3817.17,4545.59,3017.88,3521.82,685.62,873.02,113.67,150.75,"175K","85%+",3
54844,3817.17,4545.59,3017.88,3521.82,685.62,873.02,113.67,150.75,"175K","85%+",3
54846,3817.17,4545.59,3017.88,3521.82,685.62,873.02,113.67,150.75,"175K","85%+",3
54847,3817.17,4545.59,3017.88,3521.82,685.62,873.02,113.67,150.75,"175K","85%+",3
54848,3817.17,4545.59,3017.88,3521.82,685.62,873.02,113.67,150.75,"175K","85%+",3
54849,3817.17,4545.59,3017.88,3521.82,685.62,873.02,113.67,150.75,"175K","85%+",3
54853,3817.17,4545.59,3017.88,3521.82,685.62,873.02,113.67,150.75,"175K","85%+",3
54854,3817.17,4545.59,3017.88,3521.82,685.62,873.02,113.67,150.75,"175K","85%+",3
54856,3817.17,4545.59,3017.88,3521.82,685.62,873.02,113.67,150.75,"175K","85%+",3
54858,3817.17,4545.59,3017.88,3521.82,685.62,873.02,113.67,150.75,"175K","85%+",3
54859,3817.17,4545.59,3017.88,3521.82,685.62,873.02,113.67,150.75,"175K","85%+",3
54864,3817.17,4545.59,3017.88,3521.82,685.62,873.02,113.67,150.75,"175K","85%+",3
54865,3817.17,4545.59,3017.88,3521.82,685.62,873.02,113.67,150.75,"175K","85%+",3
54867,3817.17,4545.59,3017.88,3521.82,685.62,873.02,113.67,150.75,"175K","85%+",3
54868,3817.17,4545.59,3017.88,3521.82,685.62,873.02,113.67,150.75,"175K","85%+",3
54870,3817.17,4545.59,3017.88,3521.82,685.62,873.02,113.67,150.75,"175K","85%+",3
54871,3817.17,4545.59,3017.88,3521.82,685.62,873.02,113.67,150.75,"175K","85%+",3
54872,3817.17,4545.59,3017.88,3521.82,685.62,873.02,113.67,150.75,"175K","85%+",3
54873,3817.17,4545.59,3017.88,3521.82,685.62,873.02,113.67,150.75,"175K","85%+",3
54874,3817.17,4545.59,3017.88,3521.82,685.62,873.02,113.67,150.75,"175K","85%+",3
54875,3817.17,4545.59,3017.88,3521.82,685.62,873.02,113.67,150.75,"175K","85%+",3
54876,3817.17,4545.59,3017.88,3521.82,685.62,873.02,113.67,150.75,"175K","85%+",3
54880,3817.17,4545.59,3017.88,3521.82,685.62,873.02,113.67,150.75,"175K","85%+",3
54888,3817.17,4545.59,3017.88,3521.82,685.62,873.02,113.67,150.75,"175K","85%+",3
54889,3817.17,4545.59,3017.88,3521.82,685.62,873.02,113.67,150.75,"175K","85%+",3
54891,3817.17,4545.59,3017.88,3521.82,685.62,873.02,113.67,150.75,"175K","85%+",3
54893,3817.17,4545.59,3017.88,3521.82,685.62,873.02,113.67,150.75,"175K","85%+",3
54895,3817.17,4545.59,3017.88,3521.82,685.62,873.02,113.67,150.75,"175K","85%+",3
54896,3817.17,4545.59,3017.88,3521.82,685.62,873.02,113.67,150.75,"175K","85%+",3
54901,3787.36,4507.64,3017.88,3521.82,655.81,835.06,113.67,150.75,"175K","85%+",2
54902,3787.36,4507.64,3017.88,3521.82,655.81,835.06,113.67,150.75,"175K","85%+",2
54904,3787.36,4507.64,3017.88,3521.82,655.81,835.06,113.67,150.75,"175K","85%+",2
54906,3787.36,4507.64,3017.88,3521.82,655.81,835.06,113.67,150.75,"175K","85%+",2
54909,3787.36,4507.64,3017.88,3521.82,655.81,835.06,113.67,150.75,"175K","85%+",2
54911,3787.36,4507.64,3017.88,3521.82,655.81,835.06,113.67,150.75,"175K","85%+",2
54911,3787.36,4507.64,3017.88,3521.82,655.81,835.06,113.67,150.75,"175K","85%+",2
54913,3787.36,4507.64,3017.88,3521.82,655.81,835.06,113.67,150.75,"175K","85%+",2
54914,3787.36,4507.64,3017.88,3521.82,655.81,835.06,113.67,150.75,"175K","85%+",2
54915,3787.36,4507.64,3017.88,3521.82,655.81,835.06,113.67,150.75,"175K","85%+",2
54919,3787.36,4507.64,3017.88,3521.82,655.81,835.06,113.67,150.75,"175K","85%+",2
54921,3787.36,4507.64,3017.88,3521.82,655.81,835.06,113.67,150.75,"175K","85%+",2
54922,3787.36,4507.64,3017.88,3521.82,655.81,835.06,113.67,150.75,"175K","85%+",2
54923,3787.36,4507.64,3017.88,3521.82,655.81,835.06,113.67,150.75,"175K","85%+",2
54928,3787.36,4507.64,3017.88,3521.82,655.81,835.06,113.67,150.75,"175K","85%+",2
54929,3787.36,4507.64,3017.88,3521.82,655.81,835.06,113.67,150.75,"175K","85%+",2
54930,3787.36,4507.64,3017.88,3521.82,655.81,835.06,113.67,150.75,"175K","85%+",2
54932,3787.36,4507.64,3017.88,3521.82,655.81,835.06,113.67,150.75,"175K","85%+",2
54935,3787.36,4507.64,3017.88,3521.82,655.81,835.06,113.67,150.75,"175K","85%+",2
54937,3787.36,4507.64,3017.88,3521.82,655.81,835.06,113.67,150.75,"175K","85%+",2
54940,3787.36,4507.64,3017.88,3521.82,655.81,835.06,113.67,150.75,"175K","85%+",2
54941,3787.36,4507.64,3017.88,3521.82,655.81,835.06,113.67,150.75,"175K","85%+",2
54942,3787.36,4507.64,3017.88,3521.82,655.81,835.06,113.67,150.75,"175K","85%+",2
54943,3787.36,4507.64,3017.88,3521.82,655.81,835.06,113.67,150.75,"175K","85%+",2
54944,3787.36,4507.64,3017.88,3521.82,655.81,835.06,113.67,150.75,"175K","85%+",2
54945,3787.36,4507.64,3017.88,3521.82,655.81,835.06,113.67,150.75,"175K","85%+",2
54947,3787.36,4507.64,3017.88,3521.82,655.81,835.06,113.67,150.75,"175K","85%+",2
54948,3787.36,4507.64,3017.88,3521.82,655.81,835.06,113.67,150.75,"175K","85%+",2
54949,3787.36,4507.64,3017.88,3521.82,655.81,835.06,113.67,150.75,"175K","85%+",2
54950,3787.36,4507.64,3017.88,3521.82,655.81,835.06,113.67,150.75,"175K","85%+",2
54952,3787.36,4507.64,3017.88,3521.82,655.81,835.06,113.67,150.75,"175K","85%+",2
54956,3787.36,4507.64,3017.88,3521.82,655.81,835.06,113.67,150.75,"175K","85%+",2
54960,3787.36,4507.64,3017.88,3521.82,655.81,835.06,113.67,150.75,"175K","85%+",2
54961,3787.36,4507.64,3017.88,3521.82,655.81,835.06,113.67,150.75,"175K","85%+",2
54962,3787.36,4507.64,3017.88,3521.82,655.81,835.06,113.67,150.75,"175K","85%+",2
54963,3787.36,4507.64,3017.88,3521.82,655.81,835.06,113.67,150.75,"175K","85%+",2
54964,3787.36,4507.64,3017.88,3521.82,655.81,835.06,113.67,150.75,"175K","85%+",2
54965,3787.36,4507.64,3017.88,3521.82,655.81,835.06,113.67,150.75,"175K","85%+",2
54966,3787.36,4507.64,3017.88,3521.82,655.81,835.06,113.67,150.75,"175K","85%+",2
54967,3787.36,4507.64,3017.88,3521.82,655.81,835.06,113.67,150.75,"175K","85%+",2
54968,3787.36,4507.64,3017.88,3521.82,655.81,835.06,113.67,150.75,"175K","85%+",2
54970,3787.36,4507.64,3017.88,3521.82,655.81,835.06,113.67,150.75,"175K","85%+",2
54971,3787.36,4507.64,3017.88,3521.82,655.81,835.06,113.67,150.75,"175K","85%+",2
54974,3787.36,4507.64,3017.88,3521.82,655.81,835.06,113.67,150.75,"175K","85%+",2
54977,3787.36,4507.64,3017.88,3521.82,655.81,835.06,113.67,150.75,"175K","85%+",2
54978,3787.36,4507.64,3017.88,3521.82,655.81,835.06,113.67,150.75,"175K","85%+",2
54979,3787.36,4507.64,3017.88,3521.82,655.81,835.06,113.67,150.75,"175K","85%+",2
54981,3787.36,4507.64,3017.88,3521.82,655.81,835.06,113.67,150.75,"175K","85%+",2
54982,3787.36,4507.64,3017.88,3521.82,655.81,835.06,113.67,150.75,"175K","85%+",2
54983,3787.36,4507.64,3017.88,3521.82,655.81,835.06,113.67,150.75,"175K","85%+",2
54984,3787.36,4507.64,3017.88,3521.82,655.81,835.06,113.67,150.75,"175K","85%+",2
54986,3787.36,4507.64,3017.88,3521.82,655.81,835.06,113.67,150.75,"175K","85%+",2
